-- MySQL dump 10.14  Distrib 5.5.60-MariaDB, for Linux (x86_64)
--
-- Host: localhost    Database: qrcode
-- ------------------------------------------------------
-- Server version	5.5.60-MariaDB

/*!40101 SET @OLD_CHARACTER_SET_CLIENT=@@CHARACTER_SET_CLIENT */;
/*!40101 SET @OLD_CHARACTER_SET_RESULTS=@@CHARACTER_SET_RESULTS */;
/*!40101 SET @OLD_COLLATION_CONNECTION=@@COLLATION_CONNECTION */;
/*!40101 SET NAMES utf8 */;
/*!40103 SET @OLD_TIME_ZONE=@@TIME_ZONE */;
/*!40103 SET TIME_ZONE='+00:00' */;
/*!40014 SET @OLD_UNIQUE_CHECKS=@@UNIQUE_CHECKS, UNIQUE_CHECKS=0 */;
/*!40014 SET @OLD_FOREIGN_KEY_CHECKS=@@FOREIGN_KEY_CHECKS, FOREIGN_KEY_CHECKS=0 */;
/*!40101 SET @OLD_SQL_MODE=@@SQL_MODE, SQL_MODE='NO_AUTO_VALUE_ON_ZERO' */;
/*!40111 SET @OLD_SQL_NOTES=@@SQL_NOTES, SQL_NOTES=0 */;

--
-- Table structure for table `codes`
--

DROP TABLE IF EXISTS `codes`;
/*!40101 SET @saved_cs_client     = @@character_set_client */;
/*!40101 SET character_set_client = utf8 */;
CREATE TABLE `codes` (
  `id` bigint(20) NOT NULL,
  `alipay` varchar(256) NOT NULL,
  `create_time` datetime(6) DEFAULT NULL,
  `name` varchar(32) DEFAULT NULL,
  `wx` varchar(256) NOT NULL,
  `user_id` bigint(20) DEFAULT NULL,
  PRIMARY KEY (`id`),
  KEY `FKf0vxnh2q4uh501lqblk8c59su` (`user_id`),
  CONSTRAINT `FKf0vxnh2q4uh501lqblk8c59su` FOREIGN KEY (`user_id`) REFERENCES `user` (`id`)
) ENGINE=InnoDB DEFAULT CHARSET=utf8;
/*!40101 SET character_set_client = @saved_cs_client */;

--
-- Dumping data for table `codes`
--

LOCK TABLES `codes` WRITE;
/*!40000 ALTER TABLE `codes` DISABLE KEYS */;
INSERT INTO `codes` VALUES (2,'HTTPS://QR.ALIPAY.COM/FKX04198HA2QPBT3R1UID3','2019-04-10 17:49:45.000000','孙芬','wxp://f2f0vSd-f1wwBaTyNooSf1bN6fAoSjT_g-Xn',1),(3,'HTTPS://QR.ALIPAY.COM/FKX04198HA2QPBT3R1UID3','2019-04-10 17:50:03.000000','孙芬','wxp://f2f0vSd-f1wwBaTyNooSf1bN6fAoSjT_g-Xn',1),(4,'HTTPS://QR.ALIPAY.COM/FKX04198HA2QPBT3R1UID3','2019-04-10 17:50:17.000000','来来来','wxp://f2f0vSd-f1wwBaTyNooSf1bN6fAoSjT_g-Xn',1),(6,'HTTPS://QR.ALIPAY.COM/FKX02584K2C5S6O2HMD9EA','2019-04-10 17:51:40.000000','清创时代餐饮集团','wxp://f2f0jNFS1CWNX6tyz5ssTuwlpn80E9gtcNqw',5),(7,'HTTPS://QR.ALIPAY.COM/FKX02584K2C5S6O2HMD9EA','2019-04-10 17:52:18.000000','清创时代餐饮','wxp://f2f0jNFS1CWNX6tyz5ssTuwlpn80E9gtcNqw',5),(8,'HTTPS://QR.ALIPAY.COM/FKX04198HA2QPBT3R1UID3','2019-04-10 18:10:17.000000','孙芬','wxp://f2f0vSd-f1wwBaTyNooSf1bN6fAoSjT_g-Xn',1),(11,'HTTPS://QR.ALIPAY.COM/FKX04198HA2QPBT3R1UID3','2019-04-11 17:12:31.000000','孙芬','wxp://f2f0vSd-f1wwBaTyNooSf1bN6fAoSjT_g-Xn',1),(14,'HTTPS://QR.ALIPAY.COM/FKX01505P1JLD7PYBZWYE2?t=1538697689700','2019-04-15 12:16:56.000000','四季飘香包坊','wxp://f2f0-zaMhGDAcRGkFsP7mow2QZcGdnWBgkwR',13),(15,'HTTPS://QR.ALIPAY.COM/FKX04198HA2QPBT3R1UID3','2019-04-15 12:17:35.000000','孙芬','wxp://f2f0vSd-f1wwBaTyNooSf1bN6fAoSjT_g-Xn',1),(16,'HTTPS://QR.ALIPAY.COM/FKX01505P1JLD7PYBZWYE2?t=1538697689700','2019-04-15 12:17:56.000000','四季飘香包坊','wxp://f2f0-zaMhGDAcRGkFsP7mow2QZcGdnWBgkwR',13),(17,'HTTPS://QR.ALIPAY.COM/FKX01505P1JLD7PYBZWYE2?t=1538697689700','2019-04-15 12:18:24.000000','四季飘香包坊','wxp://f2f0-zaMhGDAcRGkFsP7mow2QZcGdnWBgkwR',13),(18,'HTTPS://QR.ALIPAY.COM/FKX01505P1JLD7PYBZWYE2?t=1538697689700','2019-04-15 12:19:45.000000','四季飘香包坊','wxp://f2f0-zaMhGDAcRGkFsP7mow2QZcGdnWBgkwR',13),(43,'HTTPS://QR.ALIPAY.COM/FKX04198HA2QPBT3R1UID3','2019-04-15 13:16:56.000000','平价超市','wxp://f2f0vSd-f1wwBaTyNooSf1bN6fAoSjT_g-Xn',1),(45,'HTTPS://QR.ALIPAY.COM/FKX08825NHBSH3UZYLAEBC','2019-04-15 13:26:40.000000','渔粉叔叔（创业城店）','wxp://f2f02hHFo_R-hbbtfd6P_DB5NCRSRA9VuOO2',44),(50,'HTTPS://QR.ALIPAY.COM/FKX08295EEADHTXPSLHQD0','2019-04-15 13:54:35.000000','火舞','wxp://f2f0vGRFHd3nX92LzfEv20Unlu7Fzdhs93gC',49),(60,'https://qr.alipay.com/fkx08326ndvvfpwcjyiik70','2019-04-15 14:41:58.000000','fsdf','wxp://f2f0vSd-f1wwBaTyNooSf1bN6fAoSjT_g-Xn',1),(61,'https://qr.alipay.com/fkx08326ndvvfpwcjyiik70','2019-04-15 14:43:25.000000','s','wxp://f2f0vSd-f1wwBaTyNooSf1bN6fAoSjT_g-Xn',1),(63,'https://qr.alipay.com/fkx08326ndvvfpwcjyiik70','2019-04-15 14:49:05.000000',NULL,'wxp://f2f0vSd-f1wwBaTyNooSf1bN6fAoSjT_g-Xn',1),(65,'https://qr.alipay.com/fkx08326ndvvfpwcjyiik70','2019-04-15 14:51:24.000000',NULL,'wxp://f2f0vSd-f1wwBaTyNooSf1bN6fAoSjT_g-Xn',1),(66,'https://qr.alipay.com/fkx08326ndvvfpwcjyiik70','2019-04-15 14:52:05.000000',NULL,'wxp://f2f0vSd-f1wwBaTyNooSf1bN6fAoSjT_g-Xn',1),(67,'HTTPS://QR.ALIPAY.COM/FKX013139FB7TCDR0K1265','2019-04-15 14:52:28.000000','顺便帮你打印','wxp://f2f0tyTkLm7XTFyHmP809Ks6dGalljw-NG4V',64),(68,'https://qr.alipay.com/fkx08326ndvvfpwcjyiik70','2019-04-15 14:52:28.000000',NULL,'wxp://f2f0vSd-f1wwBaTyNooSf1bN6fAoSjT_g-Xn',1),(69,'https://qr.alipay.com/fkx08326ndvvfpwcjyiik70','2019-04-15 14:52:49.000000',NULL,'wxp://f2f0vSd-f1wwBaTyNooSf1bN6fAoSjT_g-Xn',1),(70,'https://qr.alipay.com/fkx08326ndvvfpwcjyiik70','2019-04-15 14:53:32.000000',NULL,'wxp://f2f0vSd-f1wwBaTyNooSf1bN6fAoSjT_g-Xn',1),(71,'https://qr.alipay.com/fkx08326ndvvfpwcjyiik70','2019-04-15 14:53:44.000000',NULL,'wxp://f2f0vSd-f1wwBaTyNooSf1bN6fAoSjT_g-Xn',1),(72,'https://qr.alipay.com/fkx08326ndvvfpwcjyiik70','2019-04-15 14:54:27.000000',NULL,'wxp://f2f0vSd-f1wwBaTyNooSf1bN6fAoSjT_g-Xn',1),(74,'https://qr.alipay.com/fkx08326ndvvfpwcjyiik70','2019-04-15 14:54:58.000000',NULL,'wxp://f2f0vSd-f1wwBaTyNooSf1bN6fAoSjT_g-Xn',1),(75,'https://qr.alipay.com/fkx08326ndvvfpwcjyiik70','2019-04-15 14:55:21.000000',NULL,'wxp://f2f0vSd-f1wwBaTyNooSf1bN6fAoSjT_g-Xn',1),(76,'https://qr.alipay.com/fkx08326ndvvfpwcjyiik70','2019-04-15 14:55:44.000000',NULL,'wxp://f2f0vSd-f1wwBaTyNooSf1bN6fAoSjT_g-Xn',1),(77,'https://qr.alipay.com/fkx08326ndvvfpwcjyiik70','2019-04-15 14:56:05.000000',NULL,'wxp://f2f0vSd-f1wwBaTyNooSf1bN6fAoSjT_g-Xn',1),(81,'HTTPS://QR.ALIPAY.COM/FKX001336YRXDYRMTGSMAC','2019-04-15 15:02:41.000000','*','wxp://f2f0MebxvV4Y4HQJ4376yRk6YQ2sy4brOTt5',80),(83,'HTTPS://QR.ALIPAY.COM/FKX09830BVTNXSDRRWUZA2','2019-04-15 15:08:02.000000','妃常可以女装','wxp://f2f0xkaYtNeKgH7KHbaT8jBXJ60nq5HDUnw8',82),(93,'HTTPS://QR.ALIPAY.COM/FKX066970EEGKDA4QGCSDE','2019-04-15 15:28:06.000000','杜耀庚','wxp://f2f0hSXVu1t6sFTavLpRIwyc36Wx33ietl7o',92),(95,'HTTPS://QR.ALIPAY.COM/FKX09553AJZU7C8OVPZV24','2019-04-15 15:31:23.000000','郑艳军','wxp://f2f07ReiDyJTzEGaH7crHQkrlZJsjthd9ouW',94),(96,'HTTPS://QR.ALIPAY.COM/FKX09553AJZU7C8OVPZV24','2019-04-15 15:31:59.000000','郑艳军','wxp://f2f07ReiDyJTzEGaH7crHQkrlZJsjthd9ouW',94),(100,'HTTPS://QR.ALIPAY.COM/FKX06005IOGEMLIWBOPE3C','2019-04-15 15:39:40.000000','黄佳新','wxp://f2f0T0rOyxnuUTTlfMUTb3yOfHh2LC01r_Fo',98),(104,'HTTPS://QR.ALIPAY.COM/FKX06172FLVNFFJO9WL112','2019-04-15 15:55:35.000000','世园会饮料临售点','wxp://f2f0JELyFtDrfBFWrA8_41qCnmRN6fdSc8oV',103),(105,'HTTPS://QR.ALIPAY.COM/FKX06187CJ6MQWA2JXSS8B','2019-04-15 15:56:07.000000','李海燕','wxp://f2f00K0C5rj92XONBk0NQBJUPOx8cu4nhQzX',102),(112,'HTTPS://QR.ALIPAY.COM/FKX02615MAGNRPV6O9C413','2019-04-15 16:15:57.000000','菲份 皇冠店','wxp://f2f0xCfX2xU0X-TOPnOYC2idmklM1UofwVc8',111),(113,'HTTPS://QR.ALIPAY.COM/FKX02615MAGNRPV6O9C413','2019-04-15 16:16:08.000000','菲份 皇冠店','wxp://f2f0xCfX2xU0X-TOPnOYC2idmklM1UofwVc8',111),(116,'HTTPS://QR.ALIPAY.COM/FKX018088VQVXISUXYTA7C','2019-04-15 16:50:16.000000',NULL,'wxp://f2f0aXiLfyqt7QKdhcO5ysJQxJLHvnTgpjV7',115),(117,'HTTPS://QR.ALIPAY.COM/FKX018088VQVXISUXYTA7C','2019-04-15 16:50:57.000000','筒骨粉','wxp://f2f0aXiLfyqt7QKdhcO5ysJQxJLHvnTgpjV7',115),(126,'https://qr.alipay.com/fkx09914ut4hiimnbc40469','2019-04-15 17:11:38.000000','佳盈相馆','wxp://f2f0RelHcUJtY5yxWywmLjr5zuQa7aeJxVK7',125),(128,'HTTPS://QR.ALIPAY.COM/FKX08006JDQ1WDMAJ6OE2A','2019-04-15 17:20:04.000000','江南饮食有限公司','wxp://f2f0CzKLbcSquUBqHTEc_G9ySSaCcpsp9LoZ',127),(130,'https://qr.alipay.com/fkx09457twl0tiud9izng2d','2019-04-15 17:23:19.000000','深圳市小白杨贸易有限','wxp://f2f0OW47K34H-GNlCApmncY5G1dyFWBP0ayD',129),(132,'https://qr.alipay.com/fkx097082vq74kjudid4984','2019-04-15 17:24:45.000000','香榭岛咖啡西餐厅','wxp://f2f0E4_j5GZTkVT8-hq71NYxxjXxoGME2hP0',131),(133,'https://qr.alipay.com/fkx097082vq74kjudid4984','2019-04-15 17:25:26.000000','香榭岛咖啡西餐厅','wxp://f2f0E4_j5GZTkVT8-hq71NYxxjXxoGME2hP0',131),(134,'https://qr.alipay.com/tsx04050azrwpjvjupeheb7','2019-04-15 17:25:41.000000','黄佳新','wxp://f2f0T0rOyxnuUTTlfMUTb3yOfHh2LC01r_Fo',98),(136,'https://qr.alipay.com/fkx05950chzjwem0cujq68e','2019-04-15 17:29:50.000000','陈娟','wxp://f2f1t29VzETjrEtl7jNQJNXHQxTj1daE9005',135),(139,'https://qr.alipay.com/fkx08326ndvvfpwcjyiik70','2019-04-15 17:38:10.000000',NULL,'wxp://f2f0vSd-f1wwBaTyNooSf1bN6fAoSjT_g-Xn',1),(142,'HTTPS://QR.ALIPAY.COM/FKX08419ZG5JW1L7F57T7C','2019-04-15 17:40:57.000000','农夫生鲜','wxp://f2f0mq2-VbuWvhSPEcfja6LgA4OUhLQ2vL60',141),(143,'https://qr.alipay.com/fkx06115akeifzqntq9fca1','2019-04-15 17:42:09.000000','老抽OIL','wxp://f2f0_wNeX2A8x07RScCWjoBcR2n_gEktkmy5',140),(145,'https://qr.alipay.com/fkx066555lzo9ogg8vl4g41','2019-04-15 17:53:53.000000','餐厅','wxp://f2f0fLgWihUK2ZmZJ5LjrKkNm19kIHBQjfVf',144),(149,'https://qr.alipay.com/fkx00185th0pkbpwzi3tp39','2019-04-15 17:59:51.000000','朱华聪','wxp://f2f0XIaNgG_-WrqFlkir9w5MB-N8QlIrbJVP',148),(151,'https://qr.alipay.com/fkx00185th0pkbpwzi3tp39','2019-04-15 18:01:02.000000','朱华聪','wxp://f2f0XIaNgG_-WrqFlkir9w5MB-N8QlIrbJVP',148),(153,'https://qr.alipay.com/fkx08475wnotqi1ypqyeg19','2019-04-15 18:06:16.000000','万兴烤鱼','wxp://f2f05B1yjPhzhYK2T2kX4bh1bcW_2P6Wjmem',152),(155,'https://qr.alipay.com/fkx036637jac2cieqqefcfe','2019-04-15 18:10:48.000000','五','wxp://f2f0jeVnCmeDfwfqOe2SyZUZlqeqX17srk-Y',154),(157,'https://qr.alipay.com/fkx008154kdq9ysu3p9dp56','2019-04-15 18:12:39.000000','舌尖诱惑','wxp://f2f08FL4xghuCxE8c-_Ar-lgRFLeLjoSmxZX',156),(160,'https://qr.alipay.com/fkx09603ultlqtn2wp97a3c?t=1555323385159','2019-04-15 18:16:58.000000','李让文','wxp://f2f1rh36Fitzs9hfq641yfh7CjN9oGBL4uan',158),(166,'https://qr.alipay.com/tsx08568511maiq1kjngs2e','2019-04-15 18:51:44.000000','夜风烛影','wxp://f2f0cAt4s-sCXdLIHFB37pfy9GEZrlopTr-D',165),(168,'https://qr.alipay.com/fkx028503290nsfvsdgyb7a','2019-04-15 19:02:41.000000','李朋朋','wxp://f2f0JQaNm5LoWP4XeHlEBfUBCxWvZ-G6nUG5',167),(170,'https://qr.alipay.com/fkx05697vbgi0p86xbvo219','2019-04-15 19:13:30.000000','苏晨收款','wxp://f2f0oHYK7kHUnz8UdyvGg8_2Q4IbWmbVJUA3',169),(172,'HTTPS://QR.ALIPAY.COM/FKX0147719JMWXX3BQH853','2019-04-15 19:16:17.000000','唱享时光KTV','wxp://f2f0bc_SBX5cqqtze5eIvzgdU0XBy4KoT8bK',171),(173,'HTTPS://QR.ALIPAY.COM/FKX0147719JMWXX3BQH853','2019-04-15 19:16:46.000000','唱享时光KTV','wxp://f2f0bc_SBX5cqqtze5eIvzgdU0XBy4KoT8bK',171),(175,'https://qr.alipay.com/fkx03464ryivraemmuyvl15','2019-04-15 19:21:57.000000','小姐姐','wxp://f2f0TMF9pMNbBoyPdm-h472K_1LuxP7MJlui',174),(178,'https://qr.alipay.com/fkx08326ndvvfpwcjyiik70','2019-04-15 19:30:40.000000','清风','wxp://f2f0EvBU1BBdqQUUqrY9Dyk3cX6kPLfn0Fsk',21),(184,'https://qr.alipay.com/fkx01532s5vpxobehsobf6b','2019-04-15 19:43:44.000000','郑德勤','wxp://f2f0jyu45BBM8gW-I1nsiyozexiHneaVlE5b',183),(185,'HTTPS://QR.ALIPAY.COM/FKX04198HA2QPBT3R1UID3','2019-04-15 19:49:02.000000','平价超市','wxp://f2f0vSd-f1wwBaTyNooSf1bN6fAoSjT_g-Xn',1),(186,'HTTPS://QR.ALIPAY.COM/FKX04198HA2QPBT3R1UID3','2019-04-15 19:49:14.000000','平价超市','wxp://f2f0vSd-f1wwBaTyNooSf1bN6fAoSjT_g-Xn',1),(191,'https://qr.alipay.com/fkx06598hsxdgdlawgess34','2019-04-15 19:52:24.000000','安哥哥','wxp://f2f0Z-JycAU__oVwNmbNJHHfZphzXo-O_I_Q',190),(192,'https://qr.alipay.com/fkx06598hsxdgdlawgess34','2019-04-15 19:53:03.000000','财务','wxp://f2f0Z-JycAU__oVwNmbNJHHfZphzXo-O_I_Q',190),(193,'https://qr.alipay.com/fkx06598hsxdgdlawgess34','2019-04-15 19:53:45.000000','安哥哥','wxp://f2f0Z-JycAU__oVwNmbNJHHfZphzXo-O_I_Q',190),(196,'https://qr.alipay.com/fkx04833v38pgbl1joqdk3b','2019-04-15 20:05:18.000000','玉英','wxp://f2f0tPXLGijul4MjDiatFkiIjF8ZFwa3cP50',124),(197,'https://qr.alipay.com/fkx04833v38pgbl1joqdk3b','2019-04-15 20:06:51.000000','玉英','wxp://f2f0tPXLGijul4MjDiatFkiIjF8ZFwa3cP50',124),(199,'HTTPS://QR.ALIPAY.COM/FKX07086XTSXZPKW4PNX56','2019-04-15 20:16:34.000000','柠檬收款专用','wxp://f2f0xkDp5eIMRXpnX4wpg6aSnRDSogP-oXQs',198),(201,'https://qr.alipay.com/fkx04819foqxggvlg2uoue7','2019-04-15 20:19:26.000000','令狐冲代拍','wxp://f2f14FhCMQbLpGd4ebm9t7qyid2Gsezbp0lz',200),(204,'https://qr.alipay.com/fkx03668t5y5uob5rpfio4e','2019-04-15 20:26:44.000000','赵峰','wxp://f2f0___9YMmN9lle8s0afeTjYTBFj_tyWuqH',203),(205,'https://qr.alipay.com/fkx03668t5y5uob5rpfio4e','2019-04-15 20:27:46.000000','赵峰','wxp://f2f0___9YMmN9lle8s0afeTjYTBFj_tyWuqH',203),(210,'https://qr.alipay.com/fkx08722sdcjmrhjazrfsf4','2019-04-15 20:28:58.000000','高师傅面馆','wxp://f2f0aHDmGdvjp2i5o1NIeKem-Jeqy1-sheG9',208),(211,'https://qr.alipay.com/fkx0763893c4ojiojsp5o82?t=1555330990438','2019-04-15 20:29:27.000000','厦门湖里区诚杨餐饮店','wxp://f2f04PaflJjTcb7t5-alHR7cqsZnmA8DxWJx',207),(212,'HTTPS://QR.ALIPAY.COM/FKX07203BJMC7KOW1MVAFB','2019-04-15 20:29:37.000000','闪光点','wxp://f2f099T0kj8lbK8sOjWAwakZGgD0iObBqe9P',209),(216,'https://qr.alipay.com/fkx07860oyfdf3jzrqjdpcc','2019-04-15 20:31:12.000000','向王师傅付车费','wxp://f2f0Jt0IhVmuuTQ4Wn3v-gHXPNXzmJx5apDC',213),(217,'HTTPS://QR.ALIPAY.COM/FKX08516R16LYLTIQO0PFD','2019-04-15 20:32:13.000000','王中医药门市部','wxp://f2f0Umubg5J27VuduehEf3lfPEQSWvq7XaFa',206),(219,'https://qr.alipay.com/fkx07402jaxstuwne5eeb33','2019-04-15 20:40:15.000000','高云飞','wxp://f2f0tQt9OOjaBqThqRj8rEnZXm6sIxj6TlNj',218),(222,'https://qr.alipay.com/fkx07637fi7dr2igvnnglfa','2019-04-15 20:49:09.000000','李禹潼','wxp://f2f0kIsIKP3ufPiSuwV5s-ipsmhhxwyHLCU8',221),(224,'https://qr.alipay.com/fkx07717qvheninn1utmzfa','2019-04-15 20:50:23.000000','李志伟','wxp://f2f0ucXZT7Gm22DtkkF58xFXmytDg26GOj5p',223),(227,'https://qr.alipay.com/fkx06078gelna9rbci73y8d','2019-04-15 20:53:43.000000','专业空调维修','wxp://f2f0xH-p7NPYHFEV0Bd9qUWM0lNV1MZV8qhH',226),(229,'https://qr.alipay.com/fkx00202oot8cx6mxtqlicb','2019-04-15 20:55:22.000000','马忠超','wxp://f2f0pQU7pbl0lqI99Q1wQ5bI_ZZENu665meP',228),(231,'https://qr.alipay.com/fkx04958ntknrugpba7kd4c','2019-04-15 20:58:55.000000','橘子服饰','wxp://f2f0ImXr4HMB7K1nCAYUFVj-O2EigxZHBIM5',230),(234,'https://qr.alipay.com/fkx02006c0yf50gj3xpv1c6','2019-04-15 21:06:11.000000','唐飞','wxp://f2f0TynnH1u9Ed1OOA0BVRU0TUbkFh7u0jfB',233),(235,'https://qr.alipay.com/fkx02006c0yf50gj3xpv1c6','2019-04-15 21:06:53.000000','打字平台','wxp://f2f0TynnH1u9Ed1OOA0BVRU0TUbkFh7u0jfB',233),(242,'https://qr.alipay.com/fkx07908hzrqfe15slkdcf3','2019-04-15 21:38:19.000000','华程与四果汤','wxp://f2f0C0bX2fdampd0mlcw9pPwTadqtAPSIBdv',241),(247,'HTTPS://QR.ALIPAY.COM/FKX08407QBEURDFOMWYYD6','2019-04-15 21:48:43.000000','九小时便利店','wxp://f2f0iSdoBxTnUKsON6fKi_u11hRzG35fpXke',246),(248,'https://qr.alipay.com/fkx05018ziuwicqfo8nsmcb','2019-04-15 21:49:49.000000','锐哥最帅','wxp://f2f0yV1MEjU4bZzUKUoyMkfcX44X2IDEIgG0',245),(250,'HTTPS://QR.ALIPAY.COM/FKX04406ECVWU3GQ3DKK2E?t=1555336688736','2019-04-15 22:29:29.000000','柳德军','wxp://f2f0otihRhvYZovVaqXXV3qcqt-l0EPPVyqH',249),(253,'HTTPS://QR.ALIPAY.COM/FKX03361PBBRI2BMPN6E81','2019-04-15 22:34:38.000000','惜人昔','wxp://f2f0bpbmlZMPd8tPuTjjnDCYHEZkGHmcfE4a',251),(256,'https://qr.alipay.com/a7x09363anylwwlfdvbvc28','2019-04-15 22:40:55.000000','千里香馄饨','wxp://f2f0PEYXopMxbFjm1jrOWAUWrQivOALfL4E3',255),(258,'https://qr.alipay.com/fkx00288q2z3aclago4lzf8','2019-04-15 22:50:16.000000','敦煌智慧哥','wxp://f2f0IjFXGExo4c19K185VJYbP_dBTdI2F71e',257),(260,'https://qr.alipay.com/fkx09466smzv2kdt7kye25c','2019-04-15 23:05:01.000000','杨龙','wxp://f2f07jaAz-MFEl9kQdaSJAX5Qq-WmiGgeoPf',259),(262,'HTTPS://QR.ALIPAY.COM/FKX02066BJ2OVLOWLTJR40','2019-04-15 23:21:49.000000','张伟','wxp://f2f0x6kHNo3ymAmotsTMYjI9HERqw02DH1LK',261),(265,'HTTPS://QR.ALIPAY.COM/FKX05427IGPTHYOOGJN03B','2019-04-15 23:25:18.000000','向辉','wxp://f2f0r0KhzmqrJKlU5mhnTsldnPTl7wnQVFZs',263),(266,'HTTPS://QR.ALIPAY.COM/FKX05427IGPTHYOOGJN03B','2019-04-15 23:25:51.000000','辉','wxp://f2f0r0KhzmqrJKlU5mhnTsldnPTl7wnQVFZs',263),(268,'HTTPS://QR.ALIPAY.COM/FKX05427IGPTHYOOGJN03B','2019-04-15 23:26:49.000000','辉','wxp://f2f0r0KhzmqrJKlU5mhnTsldnPTl7wnQVFZs',263),(270,'https://qr.alipay.com/fkx02657vmd9tgengyedt0a','2019-04-15 23:57:26.000000','蒲孝永','wxp://f2f0tLbpdBuo5kCHJJ49MCts2ky1zZfJU-zD',269),(271,'https://qr.alipay.com/fkx02657vmd9tgengyedt0a','2019-04-15 23:59:50.000000','蒲孝永','wxp://f2f0tLbpdBuo5kCHJJ49MCts2ky1zZfJU-zD',269),(273,'https://qr.alipay.com/fkx03918i4cipvvsrmjzxf7','2019-04-16 00:37:49.000000','宋朝阳','wxp://f2f0b3eo4u340K1WqyP1GcxP_rWfrT0B8JwB',272),(274,'https://qr.alipay.com/fkx03918i4cipvvsrmjzxf7','2019-04-16 00:38:40.000000','宋朝阳','wxp://f2f0b3eo4u340K1WqyP1GcxP_rWfrT0B8JwB',272),(275,'https://qr.alipay.com/fkx03918i4cipvvsrmjzxf7','2019-04-16 00:47:07.000000','宋朝阳','wxp://f2f0b3eo4u340K1WqyP1GcxP_rWfrT0B8JwB',272),(276,'https://qr.alipay.com/fkx036637jac2cieqqefcfe','2019-04-16 02:32:45.000000','五','wxp://f2f0jeVnCmeDfwfqOe2SyZUZlqeqX17srk-Y',154),(279,'https://qr.alipay.com/fkx00729neeywoujobdzp24','2019-04-17 10:56:14.000000','徐永刚','wxp://f2f0yC9eH58qnMkTdJFszl_e4lMS0DQJPVas',278),(281,'HTTPS://QR.ALIPAY.COM/FKX04198HA2QPBT3R1UID3','2019-04-17 11:05:11.000000',NULL,'wxp://f2f0vSd-f1wwBaTyNooSf1bN6fAoSjT_g-Xn',1),(282,'HTTPS://QR.ALIPAY.COM/FKX04198HA2QPBT3R1UID3','2019-04-17 11:06:36.000000',NULL,'wxp://f2f0vSd-f1wwBaTyNooSf1bN6fAoSjT_g-Xn',1),(283,'HTTPS://QR.ALIPAY.COM/FKX04198HA2QPBT3R1UID3','2019-04-17 11:14:08.000000',NULL,'wxp://f2f0vSd-f1wwBaTyNooSf1bN6fAoSjT_g-Xn',1),(284,'HTTPS://QR.ALIPAY.COM/FKX04198HA2QPBT3R1UID3','2019-04-17 11:14:18.000000',NULL,'wxp://f2f0vSd-f1wwBaTyNooSf1bN6fAoSjT_g-Xn',1),(292,'HTTPS://QR.ALIPAY.COM/FKX08558SZ4QYRZNSP7J3E','2019-04-17 12:20:02.000000','李廷科','wxp://f2f0SDDAHIwQ3X-Tguaem-b_d0YDIYUtp3fP',291),(293,'HTTPS://QR.ALIPAY.COM/FKX04198HA2QPBT3R1UID3','2019-04-17 12:30:47.000000',NULL,'wxp://f2f0vSd-f1wwBaTyNooSf1bN6fAoSjT_g-Xn',1),(295,'HTTPS://QR.ALIPAY.COM/FKX03813EBXXAGRUZ9SX22','2019-04-17 12:38:06.000000','我是超哥','wxp://f2f09RyPZFY_iZfBfY5v-6YZdAYHydzTpqi9',294),(297,'HTTPS://QR.ALIPAY.COM/FKX04198HA2QPBT3R1UID3','2019-04-17 12:58:24.000000',NULL,'wxp://f2f0vSd-f1wwBaTyNooSf1bN6fAoSjT_g-Xn',1),(301,'HTTPS://QR.ALIPAY.COM/FKX09878PTAELNXSWK1MF1','2019-04-17 13:06:03.000000','美少女','wxp://f2f00atZ2tI_hn0Hv6g2swZrZHjXlSd-oCq5',300),(304,'https://qr.alipay.com/fkx04884lxb3bjwpkjs2i5b','2019-04-17 13:37:15.000000','李金龙','wxp://f2f03d2MTAwHsnW4TKG0mkWZ0Exqya-VwXgs',303),(308,'https://qr.alipay.com/fkx08813f8ysibe5vxn6r33','2019-04-17 14:10:29.000000','谭小中','wxp://f2f0QeeWVOjb5a3Afz5HwKKQjJGHI71ADm4m',307),(311,'https://qr.alipay.com/a6x01704noa7mqwgav7msb9','2019-04-17 14:36:36.000000','李云鹤','wxp://f2f0VWVbJAwWX0wwJ0Yf0elvRlInA-W-UAn8',310),(315,'https://qr.alipay.com/fkx02562ywggaj9vysgv394','2019-04-17 14:55:23.000000','溫曈','wxp://f2f0SfAeoy7lAhCjo-kulfGhaz_-hEENNc6E',314),(318,'HTTPS://QR.ALIPAY.COM/FKX08804LZTOW57SHCYQ07','2019-04-17 15:00:06.000000','邹文锋','wxp://f2f0296GpYq9nBFJr9gIp5VaD0qroKVbKkb9',316),(321,'https://qr.alipay.com/fkx05414pdtgzqhxgntyif2','2019-04-17 15:23:47.000000','齐泉龙','wxp://f2f06mr16gjQNgiOKpXL1e_Z0ZjHGNwgyGl1',320),(325,'HTTPS://QR.ALIPAY.COM/FKX04198HA2QPBT3R1UID3','2019-04-17 15:53:43.000000',NULL,'wxp://f2f0vSd-f1wwBaTyNooSf1bN6fAoSjT_g-Xn',1),(326,'HTTPS://QR.ALIPAY.COM/FKX04198HA2QPBT3R1UID3','2019-04-17 15:53:53.000000',NULL,'wxp://f2f0vSd-f1wwBaTyNooSf1bN6fAoSjT_g-Xn',1),(328,'https://qr.alipay.com/tsx01606t4zvmzbgzalif46','2019-04-17 16:01:08.000000',NULL,'wxp://f2f0qyJ9Zg0cjYDyB1iuVl7ISSpLxbsOdWPB',327),(330,'https://qr.alipay.com/fkx09301ghyiduciuulhqcd','2019-04-17 16:08:17.000000','程小燕','wxp://f2f0cKrZ7MzjMvh7KsYBxoEk0o-6l9WX0rJK',329),(332,'HTTPS://QR.ALIPAY.COM/FKX08558SZ4QYRZNSP7J3E','2019-04-17 17:57:26.000000','李廷科','wxp://f2f0B5-t6E-6OVi13J69qV3oI5FyueRRXzDc',291),(335,'https://qr.alipay.com/fkx09081nktcnd2rt42qt01','2019-04-17 18:51:57.000000','小卖部','wxp://f2f0ulbFRSTIXk9-mcP5CbWg5_dKB7io94PL',334),(337,'https://qr.alipay.com/tsx03607rilnawxsvvmiec2','2019-04-17 19:15:52.000000','悟模板','wxp://f2f0kJNp65LLR-bou4L0ZWZg57MSFmcMQNOL',336),(339,'https://qr.alipay.com/fkx07579bylgjx3veu17zd6','2019-04-17 19:46:05.000000','陈立梅','wxp://f2f0beauR1SYkPXIvh5DR5Xmgq-D22jGYgFd',338),(341,'https://qr.alipay.com/fkx02467jxrxuwfjcne1d67','2019-04-17 20:02:42.000000','发货批发24小时','wxp://f2f0nx3TvDuwInUhWFJagahMbnugBbSss67q',340),(344,'https://qr.alipay.com/fkx012963sdlct3poseib4d?t=1555503202985','2019-04-17 20:20:14.000000','胡馨艺','wxp://f2f0dSvSSEJQIFG74asR3l9Kv8v3w21Y5esO',343),(346,'https://qr.alipay.com/fkx09314wp7cnrlfawgnje0','2019-04-17 21:06:46.000000','张萍','wxp://f2f0vp9Ic1YcX0v_knjtb3YdHXhpPcznr4kD',345),(348,'https://qr.alipay.com/fkx08906b2wfmqnghw9kx3b','2019-04-17 21:17:50.000000','孔霞','wxp://f2f04RlfeoGiZ-HaOgas02kBCFJt2htQGf7m',347),(350,'https://qr.alipay.com/fkx049936bgjvsjt13vwp3e','2019-04-17 21:23:31.000000',NULL,'wxp://f2f09tKMT4RDRXhBgQU3M2XJgM3L85BEwUKg',349),(352,'https://qr.alipay.com/fkx052160vyv5eckh4chx74','2019-04-17 21:47:45.000000','唐红玉','wxp://f2f0T2q3wLHmwORtnRaE_VFeFS1j4_gAFBTd',351),(354,'HTTPS://QR.ALIPAY.COM/FKX042700A3PGNDEBQIA90','2019-04-17 21:53:17.000000','刘芳','wxp://f2f0L7HKVziQHDGJZECMhFrQ5u8FO5OB2sb6',353),(358,'https://qr.alipay.com/tsx09176nov44ce8osepbc6','2019-04-17 23:19:46.000000','赵键辰','wxp://f2f0jDXaGdzU27bqpdME9CotVk38H7z2CWfI',357),(361,'https://qr.alipay.com/tsx06934eyal4ldpl081r06','2019-04-18 00:37:20.000000','李先生','wxp://f2f0kpQVn40MyQ3OcUpJvONV3qH626KQVC3w',360),(363,'https://qr.alipay.com/fkx08444pyibo5nfrov1376','2019-04-18 01:24:32.000000','王志涛','wxp://f2f0Dn-pQYnYcfLhnYUSMsQR2s-jXBsS1s9s',362),(366,'HTTPS://QR.ALIPAY.COM/FKX08558SZ4QYRZNSP7J3E','2019-04-18 04:21:24.000000','李廷科','wxp://f2f0f_DNFT5ziMOmykhIL28sRTydprOgcQUt',291),(367,'HTTPS://QR.ALIPAY.COM/FKX08558SZ4QYRZNSP7J3E','2019-04-18 04:24:35.000000','李廷科','wxp://f2f0f_DNFT5ziMOmykhIL28sRTydprOgcQUt',291),(368,'HTTPS://QR.ALIPAY.COM/FKX08558SZ4QYRZNSP7J3E','2019-04-18 04:25:05.000000','李廷科','wxp://f2f0f_DNFT5ziMOmykhIL28sRTydprOgcQUt',291),(369,'HTTPS://QR.ALIPAY.COM/FKX08558SZ4QYRZNSP7J3E','2019-04-18 04:25:52.000000','李廷科','wxp://f2f0f_DNFT5ziMOmykhIL28sRTydprOgcQUt',291),(370,'HTTPS://QR.ALIPAY.COM/FKX08558SZ4QYRZNSP7J3E','2019-04-18 04:26:39.000000','李廷科','wxp://f2f0f_DNFT5ziMOmykhIL28sRTydprOgcQUt',291),(372,'HTTPS://QR.ALIPAY.COM/FKX04162BMDTO6OT6S9909','2019-04-18 05:57:04.000000','邹伟平','wxp://f2f0U56j9gZauv-2uNga90Mb9ma56I8VLSzq',371),(373,'HTTPS://QR.ALIPAY.COM/FKX04162BMDTO6OT6S9909','2019-04-18 05:57:53.000000','邹伟平','wxp://f2f0U56j9gZauv-2uNga90Mb9ma56I8VLSzq',371),(375,'https://qr.alipay.com/fkx03182lz9s3hq0ojfxbdf','2019-04-18 06:39:54.000000','移动支付','wxp://f2f0fR5cSFC-8GkXrzZJN4PJia7EaxAvPGYe',374),(376,'https://qr.alipay.com/fkx08906b2wfmqnghw9kx3b','2019-04-18 06:40:36.000000','涵','wxp://f2f0yHv7yW3OZLGvPYtHxP4IEDSkzQ_jqvpS',347),(377,'https://qr.alipay.com/fkx08906b2wfmqnghw9kx3b','2019-04-18 06:41:54.000000','涵','wxp://f2f04RlfeoGiZ-HaOgas02kBCFJt2htQGf7m',347),(383,'https://qr.alipay.com/fkx09879ajxx2fhzoyshr57','2019-04-18 08:03:52.000000','涂锋','wxp://f2f0wJRhjq-8-ZfzC3ND7J1QJMRgH0us9lP-',382),(384,'https://qr.alipay.com/fkx03563aqznbfwciwcyefc','2019-04-18 08:04:06.000000',NULL,'wxp://f2f0wVZ9tJv-gD13pGXLwj_8YP60LAXOGAdU',381),(385,'https://qr.alipay.com/fkx03563aqznbfwciwcyefc','2019-04-18 08:04:51.000000',NULL,'wxp://f2f0wVZ9tJv-gD13pGXLwj_8YP60LAXOGAdU',381),(386,'https://qr.alipay.com/fkx09879ajxx2fhzoyshr57','2019-04-18 08:05:46.000000','涂锋','wxp://f2f0wJRhjq-8-ZfzC3ND7J1QJMRgH0us9lP-',382),(387,'https://qr.alipay.com/fkx09879ajxx2fhzoyshr57','2019-04-18 08:06:45.000000','涂锋','wxp://f2f0wJRhjq-8-ZfzC3ND7J1QJMRgH0us9lP-',382),(390,'HTTPS://QR.ALIPAY.COM/FKX05871GH8PURLKZEQWE8','2019-04-18 08:39:07.000000','张志会','wxp://f2f0hX4OKEfWRkZDo8ck29rvjZCJSTOuZe7k',389),(391,'HTTPS://QR.ALIPAY.COM/FKX04198HA2QPBT3R1UID3','2019-04-18 08:43:03.000000',NULL,'wxp://f2f0vSd-f1wwBaTyNooSf1bN6fAoSjT_g-Xn',1),(394,'https://qr.alipay.com/fkx08316r7hf4xxbi72wxd4','2019-04-18 08:51:08.000000','展翔（熟客卤肉）','wxp://f2f0xk2kwe42a8EcUqMU-h2sJa_l7QePdPiY',393),(395,'https://qr.alipay.com/fkx01156wu1tbtyycq74322?t=1555294467656','2019-04-18 08:52:10.000000','123','wxp://f2f0Jr5HmO5w-oIiG93Y8zUpCu4_gqoHb7JX',392),(397,'https://qr.alipay.com/fkx09602z1jaryon6dbyw82','2019-04-18 10:01:26.000000','王禄','wxp://f2f0BYWaxOxd7EefX9_8udjfwXxpz3dZe1Os',396),(400,'https://qr.alipay.com/fkx06586kl82ahyjxiasiec','2019-04-18 10:22:03.000000','吉平熏肉大饼','wxp://f2f0dNnoNDXpd7oOMx4hgxNCAnStF9-avbWX',399),(402,'https://qr.alipay.com/fkx09886rqqoiwvvvbsssc9','2019-04-18 12:13:16.000000','刘老师','wxp://f2f0pMuoUdT7tnPQFV1hysFr_f_yRKjNoAPQ',401),(403,'https://qr.alipay.com/fkx09886rqqoiwvvvbsssc9','2019-04-18 12:13:57.000000','小本经营','wxp://f2f0pMuoUdT7tnPQFV1hysFr_f_yRKjNoAPQ',401),(404,'https://qr.alipay.com/fkx09886rqqoiwvvvbsssc9','2019-04-18 12:14:48.000000','黄证明','wxp://f2f0pMuoUdT7tnPQFV1hysFr_f_yRKjNoAPQ',401),(407,'https://qr.alipay.com/fkx09140c9v0rrdkmyzi027','2019-04-18 12:28:24.000000','小本经营','wxp://f2f0PWKQFzz2HPlLXs5YDF4qWosvFENA217j',406),(408,'HTTPS://QR.ALIPAY.COM/FKX02769WZXZXWNWTHPJDA','2019-04-18 12:31:49.000000','AA卓','wxp://f2f0ZrOK-BB5e1Okjr2rJ1o2pyV-chKUqpfc',405),(409,'https://qr.alipay.com/fkx02467jxrxuwfjcne1d67','2019-04-18 12:35:16.000000','移动批发24小时营业','wxp://f2f0zr9jrNrQeLLLNm16zzYOnPRlx48G2Mta',340),(412,'HTTPS://QR.ALIPAY.COM/FKX08342YSITFW3GQVI15B','2019-04-18 13:59:46.000000','张婉婉','wxp://f2f0BxVGbzBGj7gEDcnEzbi4gp4Cii-p2Ijd',411),(413,'HTTPS://QR.ALIPAY.COM/FKX08342YSITFW3GQVI15B','2019-04-18 14:02:04.000000','我','wxp://f2f0BxVGbzBGj7gEDcnEzbi4gp4Cii-p2Ijd',411),(418,'https://qr.alipay.com/fkx00206czpmuvkb5x5frea','2019-04-18 15:16:11.000000','彭兴安','wxp://f2f0uEWMpSeukT3SvaIEfCI73SvY4L3ljPsb',417),(420,'HTTPS://QR.ALIPAY.COM/FKX05714PXIFTF0Y7JH5D0','2019-04-18 15:35:29.000000','李亚莉','wxp://f2f0SH01WbXGhG-d3Y6cN7OtcXDwDIYcjwrp',419),(422,'HTTPS://QR.ALIPAY.COM/FKX02953N90ANTD3XCTRED','2019-04-18 16:03:57.000000','美味小吃','wxp://f2f0yGaoOmU2WK4DNOc97NVkOXyLHrshG8TB',421),(424,'https://qr.alipay.com/fkx033227ogsmjcavazbkdb','2019-04-18 16:43:23.000000','林明莲','wxp://f2f0DGMKEi1mHDMhwOU44w-028FFw4Ix8G5H',423),(428,'https://qr.alipay.com/fkx00886xlwandmvrtawe97','2019-04-18 16:55:35.000000','白万兵','wxp://f2f0nPp9E52USBnXD56I8YppqiADsbdpkelC',427),(429,'https://qr.alipay.com/fkx00886xlwandmvrtawe97','2019-04-18 16:56:11.000000','白万兵','wxp://f2f0nPp9E52USBnXD56I8YppqiADsbdpkelC',427),(431,'HTTPS://QR.ALIPAY.COM/FKX01985QRSE90LQCTCJBB','2019-04-18 17:17:33.000000','万家客','wxp://f2f0Q-FxiU08CJ8sRlHpDTgfzVNNEsDVYdoh',430),(434,'https://qr.alipay.com/fkx05347cja6pixpngtiz8d','2019-04-18 17:41:19.000000','同德堂大药房','wxp://f2f0QNYN6c9f8TuO7dp0ZHndno6AK1M9VjEU',433),(435,'HTTPS://QR.ALIPAY.COM/FKX01985QRSE90LQCTCJBB','2019-04-18 17:56:56.000000','万云成','wxp://f2f0Q-FxiU08CJ8sRlHpDTgfzVNNEsDVYdoh',430),(437,'HTTPS://QR.ALIPAY.COM/FKX00027Z0GF3G1TCQ7G1C','2019-04-18 19:11:10.000000','货物批发24小时8','wxp://f2f0ILUpR8tp25VFaiUejhHb1Qx4T9_P0cXz',340),(440,'https://qr.alipay.com/fkx06336cnhxiwou34m2u3b','2019-04-18 19:36:27.000000','和利烟酒','wxp://f2f09r3qK4wijOnZO_aghRGHB0w9eO7RNElL',439),(443,'https://qr.alipay.com/fkx02664xvssb6t5rmqvu10','2019-04-18 20:32:29.000000','周道林','wxp://f2f0VoGj64jcriv1n56BC6XpRWwXKHB8XJLp',442),(446,'HTTPS://QR.ALIPAY.COM/FKX02398SJKUHIVGGWXY4F','2019-04-18 21:16:17.000000','樊明伟','wxp://f2f0nmLN75pFZkWmEXlssTmSpcsY5V4fGHvD',445),(448,'https://qr.alipay.com/fkx04675kyti5xxs0do1637','2019-04-18 21:40:35.000000','罗','wxp://f2f0I2n8Sqk0-VIqjE1_9F8hMW9QU3HneXk2',447),(450,'https://qr.alipay.com/fkx02664xvssb6t5rmqvu10','2019-04-18 21:42:19.000000','道林','wxp://f2f01-fwi-Hm6SH_5awjMo6CKBk7PaT7JcjW',449),(451,'https://qr.alipay.com/fkx02664xvssb6t5rmqvu10','2019-04-18 21:43:49.000000','道林','wxp://f2f0VoGj64jcriv1n56BC6XpRWwXKHB8XJLp',449),(452,'https://qr.alipay.com/fkx03182lz9s3hq0ojfxbdf','2019-04-18 22:16:53.000000','移动支付','wxp://f2f03sxvFOiFxPl9fr0XlIfZBnj2_i9hgTLz',374),(454,'https://qr.alipay.com/fkx04568sbqxwz3ytge4d7a','2019-04-18 23:43:11.000000','筱涛工作室','wxp://f2f071LxVCg4CKMieBnfGsLz29Yw_lDGAtBM',453),(456,'https://qr.alipay.com/fkx07727kyvqbavodjp1s83','2019-04-19 01:17:28.000000','刘记','wxp://f2f0z9GlzvLM6nn6--Mr63jEIgQcHtTJkNS_',455),(463,'https://qr.alipay.com/fkx088758vjtmpsysik3m4f','2019-04-19 08:53:34.000000','老田','wxp://f2f0cauBRiHvXE-hPBDXG422qLLQi0KpEPBX',462),(465,'https://qr.alipay.com/fkx099356qxzxqspgluxe65','2019-04-19 09:03:53.000000','日式手作小吃','wxp://f2f0befkUbk_eqbgnnYnm7QtdD17gCL1VPyz',464),(466,'https://qr.alipay.com/fkx088758vjtmpsysik3m4f','2019-04-19 09:04:13.000000','112233','wxp://f2f0cauBRiHvXE-hPBDXG422qLLQi0KpEPBX',462),(468,'https://qr.alipay.com/fkx05154xj6sqyv0muwqi98','2019-04-19 09:34:56.000000','陈婕','wxp://f2f0DLKa1jnstduecPNscs048xUYn6VxToBT',467),(469,'https://qr.alipay.com/fkx088758vjtmpsysik3m4f','2019-04-19 09:57:56.000000','哈哈哈哈','wxp://f2f0cauBRiHvXE-hPBDXG422qLLQi0KpEPBX',462),(471,'https://qr.alipay.com/fkx04104rz4u6auduail8ad','2019-04-19 10:14:47.000000','山水之间','wxp://f2f0ufbgtq484wvvsW8FBYWX1vF7bJOvxxB1',470),(473,'https://qr.alipay.com/fkx0601680mdwmdh43ordb3','2019-04-19 10:20:17.000000','福临门','wxp://f2f0i616AlLQJ_z3CM9CHzQWvbPa_UOQZN5M',472),(476,'https://qr.alipay.com/fkx054145mrx19ek3x86vb8','2019-04-19 11:53:21.000000','空调小哥','wxp://f2f02vZ0b--LdJU-xmK4g_ELe38P9x1kB-L9',475),(480,'https://qr.alipay.com/fkx08494moohhpxcn69ssee','2019-04-19 12:38:10.000000','双流区欣月建材经营部','wxp://f2f0jl7UtKqnvNutpfQePh8-XKhy9OJT4kB6',479),(482,'https://qr.alipay.com/tsx03419aqbaorultfbu6f7','2019-04-19 13:07:14.000000',NULL,'wxp://f2f0jeBO2UuIYet06ThkMW0SG9Xk5s-CZfp7',481),(483,'https://qr.alipay.com/fkx06483kq7gsug9eaeyu17','2019-04-19 13:19:22.000000',NULL,'wxp://f2f0rWZC3n9oy7ahXtSlqxv9Y93diqZVFT-1',481),(485,'https://qr.alipay.com/fkx081639zcyf8qnykqyoac','2019-04-19 13:32:54.000000','迅捷科技','wxp://f2f0mhujNiTTGi1hzPbqbWzhJ5P5KIDMLLbt',484),(488,'HTTPS://QR.ALIPAY.COM/FKX00835QVZJYGU95PRB53','2019-04-19 13:51:52.000000','玲玲','wxp://f2f0G_g-YL_aRo2qKZ9J3Q6QHlHgx_83S8WV',487),(490,'https://qr.alipay.com/fkx09145stevf5wivuvgfda','2019-04-19 14:14:07.000000','胜','wxp://f2f0fsDunmcTNU0oaxS-dAfCinWNLuX3FmMi',489),(492,'https://qr.alipay.com/fkx09145stevf5wivuvgfda','2019-04-19 14:21:20.000000','胜','wxp://f2f0GkA5JnTKc7d985r7DevWA5OmCXgrTUAU',491),(493,'https://qr.alipay.com/fkx09145stevf5wivuvgfda','2019-04-19 14:21:56.000000','胜','wxp://f2f0GkA5JnTKc7d985r7DevWA5OmCXgrTUAU',491),(495,'https://qr.alipay.com/tsx04319sj2jaub0oblaqe5','2019-04-19 14:25:55.000000','阿跳','wxp://f2f0gflDd72UjOH5KwnSkflfLUhjxKuscrPW',494),(496,'https://qr.alipay.com/fkx09145stevf5wivuvgfda','2019-04-19 14:30:13.000000','胜','wxp://f2f0GkA5JnTKc7d985r7DevWA5OmCXgrTUAU',491),(497,'https://qr.alipay.com/tsx04319sj2jaub0oblaqe5','2019-04-19 14:37:21.000000','阿跳','wxp://f2f0gflDd72UjOH5KwnSkflfLUhjxKuscrPW',494),(499,'https://qr.alipay.com/tsx00997nuzdq7hj6hykae4','2019-04-19 14:38:05.000000','张尚瑜','wxp://f2f0zXUd5AyiyS9WK_z3HYHw08XHPSL-BCN3',498);
/*!40000 ALTER TABLE `codes` ENABLE KEYS */;
UNLOCK TABLES;

--
-- Table structure for table `hibernate_sequence`
--

DROP TABLE IF EXISTS `hibernate_sequence`;
/*!40101 SET @saved_cs_client     = @@character_set_client */;
/*!40101 SET character_set_client = utf8 */;
CREATE TABLE `hibernate_sequence` (
  `next_val` bigint(20) DEFAULT NULL
) ENGINE=InnoDB DEFAULT CHARSET=utf8;
/*!40101 SET character_set_client = @saved_cs_client */;

--
-- Dumping data for table `hibernate_sequence`
--

LOCK TABLES `hibernate_sequence` WRITE;
/*!40000 ALTER TABLE `hibernate_sequence` DISABLE KEYS */;
INSERT INTO `hibernate_sequence` VALUES (500),(500);
/*!40000 ALTER TABLE `hibernate_sequence` ENABLE KEYS */;
UNLOCK TABLES;

--
-- Table structure for table `user`
--

DROP TABLE IF EXISTS `user`;
/*!40101 SET @saved_cs_client     = @@character_set_client */;
/*!40101 SET character_set_client = utf8 */;
CREATE TABLE `user` (
  `id` bigint(20) NOT NULL,
  `avatar_url` varchar(256) DEFAULT NULL,
  `create_time` datetime(6) DEFAULT NULL,
  `openid` varchar(32) DEFAULT NULL,
  `password` varchar(64) DEFAULT NULL,
  `phone` varchar(11) DEFAULT NULL,
  `username` varchar(64) DEFAULT NULL,
  PRIMARY KEY (`id`)
) ENGINE=InnoDB DEFAULT CHARSET=utf8;
/*!40101 SET character_set_client = @saved_cs_client */;

--
-- Dumping data for table `user`
--

LOCK TABLES `user` WRITE;
/*!40000 ALTER TABLE `user` DISABLE KEYS */;
INSERT INTO `user` VALUES (1,NULL,'2019-04-10 17:49:26.000000','oQvEB5d8qMPiGpNT6BhRAT-UFrgo','oQvEB5d8qMPiGpNT6BhRAT-UFrgo',NULL,NULL),(5,NULL,'2019-04-10 17:51:12.000000','oQvEB5ca-fCJHrW3Iv5AGPeJX5lo','oQvEB5ca-fCJHrW3Iv5AGPeJX5lo',NULL,NULL),(9,NULL,'2019-04-11 10:28:55.000000','oQvEB5eOPMJWBrNFojXuVwZEht_M','oQvEB5eOPMJWBrNFojXuVwZEht_M',NULL,NULL),(10,NULL,'2019-04-11 14:44:13.000000','oQvEB5QRdWMuIq-GjBm6v-C64gvg','oQvEB5QRdWMuIq-GjBm6v-C64gvg',NULL,NULL),(12,NULL,'2019-04-11 17:27:41.000000','oQvEB5bgzyqDbZ08dNHC5NqoQH8Q','oQvEB5bgzyqDbZ08dNHC5NqoQH8Q',NULL,NULL),(13,NULL,'2019-04-15 12:15:51.000000','oQvEB5dzcqPjh5FKN4lzSPPKMhFY','oQvEB5dzcqPjh5FKN4lzSPPKMhFY',NULL,NULL),(19,NULL,'2019-04-15 12:20:57.000000','oQvEB5VXtY3wfDJvVj0rRlYFKWuo','oQvEB5VXtY3wfDJvVj0rRlYFKWuo',NULL,NULL),(20,NULL,'2019-04-15 12:23:16.000000','oQvEB5fZ3B80TTtSxA9m5l4yyzXU','oQvEB5fZ3B80TTtSxA9m5l4yyzXU',NULL,NULL),(21,NULL,'2019-04-15 12:28:02.000000','oQvEB5f-rnozPLkhjUsO0mEJHsTs','oQvEB5f-rnozPLkhjUsO0mEJHsTs',NULL,NULL),(22,NULL,'2019-04-15 12:29:22.000000','oQvEB5Y5s5SHzIn7N6RkKucdO9L0','oQvEB5Y5s5SHzIn7N6RkKucdO9L0',NULL,NULL),(23,NULL,'2019-04-15 12:32:26.000000','oQvEB5fNFHxGa7l0uFiRLrj5W8YM','oQvEB5fNFHxGa7l0uFiRLrj5W8YM',NULL,NULL),(24,NULL,'2019-04-15 12:41:08.000000','oQvEB5TNcAcqpREli3P0jx8tJu3E','oQvEB5TNcAcqpREli3P0jx8tJu3E',NULL,NULL),(25,NULL,'2019-04-15 12:44:59.000000','oQvEB5dK-pyAWOSeri7kl6tQNQeA','oQvEB5dK-pyAWOSeri7kl6tQNQeA',NULL,NULL),(26,NULL,'2019-04-15 12:45:24.000000','oQvEB5XrXQZgVyPPRf92I4gj5Kks','oQvEB5XrXQZgVyPPRf92I4gj5Kks',NULL,NULL),(27,NULL,'2019-04-15 12:46:02.000000','oQvEB5bJdh7uoT3STrL8eEiL_rg8','oQvEB5bJdh7uoT3STrL8eEiL_rg8',NULL,NULL),(28,NULL,'2019-04-15 12:51:56.000000','oQvEB5QreRjQT8fmfuugA95pomuI','oQvEB5QreRjQT8fmfuugA95pomuI',NULL,NULL),(29,NULL,'2019-04-15 12:52:26.000000','oQvEB5TIHDF8kx5d-lK_r4SYUfaE','oQvEB5TIHDF8kx5d-lK_r4SYUfaE',NULL,NULL),(30,NULL,'2019-04-15 12:52:58.000000','oQvEB5Vw2nxj4SwDxfESj6aELlTk','oQvEB5Vw2nxj4SwDxfESj6aELlTk',NULL,NULL),(31,NULL,'2019-04-15 12:54:14.000000','oQvEB5ZPiR-y4vUTkFNGi51bj_KU','oQvEB5ZPiR-y4vUTkFNGi51bj_KU',NULL,NULL),(32,NULL,'2019-04-15 12:55:33.000000','oQvEB5WLFZDZcCA8k6NlT7sFGp38','oQvEB5WLFZDZcCA8k6NlT7sFGp38',NULL,NULL),(33,NULL,'2019-04-15 13:00:05.000000','oQvEB5ayrlCIFGfici24kHmGyDcU','oQvEB5ayrlCIFGfici24kHmGyDcU',NULL,NULL),(34,NULL,'2019-04-15 13:00:29.000000','oQvEB5Rmg1O6tz4rZMmBdueyuqSg','oQvEB5Rmg1O6tz4rZMmBdueyuqSg',NULL,NULL),(35,NULL,'2019-04-15 13:01:32.000000','oQvEB5YprBs8S6LpNh53mogkv5ZY','oQvEB5YprBs8S6LpNh53mogkv5ZY',NULL,NULL),(36,NULL,'2019-04-15 13:01:48.000000','oQvEB5bfmb1-rjJlq4DCmdwqJ6Kg','oQvEB5bfmb1-rjJlq4DCmdwqJ6Kg',NULL,NULL),(37,NULL,'2019-04-15 13:05:14.000000','oQvEB5U_YzVzJqaDsP_xbKHVIVng','oQvEB5U_YzVzJqaDsP_xbKHVIVng',NULL,NULL),(38,NULL,'2019-04-15 13:06:36.000000','oQvEB5RAhbIxh5UjjlufirdO9bqw','oQvEB5RAhbIxh5UjjlufirdO9bqw',NULL,NULL),(39,NULL,'2019-04-15 13:08:02.000000','oQvEB5QQwplnhYLuPwRI23DzrRzc','oQvEB5QQwplnhYLuPwRI23DzrRzc',NULL,NULL),(40,NULL,'2019-04-15 13:09:14.000000','oQvEB5ReIZngZ7phIctk6PfchRbk','oQvEB5ReIZngZ7phIctk6PfchRbk',NULL,NULL),(41,NULL,'2019-04-15 13:10:48.000000','oQvEB5ayVSqH1mNbL8mzfYSHCFR0','oQvEB5ayVSqH1mNbL8mzfYSHCFR0',NULL,NULL),(42,NULL,'2019-04-15 13:13:12.000000','oQvEB5TEn6aeXmlMfrM7QxpS8eWo','oQvEB5TEn6aeXmlMfrM7QxpS8eWo',NULL,NULL),(44,NULL,'2019-04-15 13:25:56.000000','oQvEB5f1E3-tiV2BfAJf8yb_h4Us','oQvEB5f1E3-tiV2BfAJf8yb_h4Us',NULL,NULL),(46,NULL,'2019-04-15 13:28:02.000000','oQvEB5VbspI-iiZ1ayeHvWkhiFxc','oQvEB5VbspI-iiZ1ayeHvWkhiFxc',NULL,NULL),(47,NULL,'2019-04-15 13:34:47.000000','oQvEB5cZfMPM6kxY4y9HbKXy99kE','oQvEB5cZfMPM6kxY4y9HbKXy99kE',NULL,NULL),(48,NULL,'2019-04-15 13:50:09.000000','oQvEB5eFAWJq_NaX1Hy4SAGMEYNE','oQvEB5eFAWJq_NaX1Hy4SAGMEYNE',NULL,NULL),(49,NULL,'2019-04-15 13:51:41.000000','oQvEB5SkzgDD2m1LbhiuFMyaxcU0','oQvEB5SkzgDD2m1LbhiuFMyaxcU0',NULL,NULL),(51,NULL,'2019-04-15 14:00:05.000000','oQvEB5RAjjIi5hs8LmPJr4HFn5GA','oQvEB5RAjjIi5hs8LmPJr4HFn5GA',NULL,NULL),(52,NULL,'2019-04-15 14:07:14.000000','oQvEB5dyu0VXVmyNk_uFodSPaWic','oQvEB5dyu0VXVmyNk_uFodSPaWic',NULL,NULL),(53,NULL,'2019-04-15 14:13:13.000000','oQvEB5dogz_pOxouA0gSFfXIrnJs','oQvEB5dogz_pOxouA0gSFfXIrnJs',NULL,NULL),(54,NULL,'2019-04-15 14:16:36.000000','oQvEB5Qq_r4Sm_DLyifa3kLHxSas','oQvEB5Qq_r4Sm_DLyifa3kLHxSas',NULL,NULL),(55,NULL,'2019-04-15 14:32:59.000000','oQvEB5aykW_iyxfHUL8weap25HLk','oQvEB5aykW_iyxfHUL8weap25HLk',NULL,NULL),(56,NULL,'2019-04-15 14:35:37.000000','oQvEB5cjvmWr7XV_iKiy7y1h7yQA','oQvEB5cjvmWr7XV_iKiy7y1h7yQA',NULL,NULL),(57,NULL,'2019-04-15 14:36:14.000000','oQvEB5bWQ6FVv8m4qywnCjzsy2qo','oQvEB5bWQ6FVv8m4qywnCjzsy2qo',NULL,NULL),(58,NULL,'2019-04-15 14:38:22.000000','oQvEB5XwAhxOzP3y1YZweDvRgR8o','oQvEB5XwAhxOzP3y1YZweDvRgR8o',NULL,NULL),(59,NULL,'2019-04-15 14:41:00.000000','oQvEB5cjZcQ-B84FqgF8VbWqyKss','oQvEB5cjZcQ-B84FqgF8VbWqyKss',NULL,NULL),(62,NULL,'2019-04-15 14:43:50.000000','oQvEB5YHuQ6eao0p5Jub8OXZaeK4','oQvEB5YHuQ6eao0p5Jub8OXZaeK4',NULL,NULL),(64,NULL,'2019-04-15 14:50:34.000000','oQvEB5ce4Zb4admlEGJLfMARnTdU','oQvEB5ce4Zb4admlEGJLfMARnTdU',NULL,NULL),(73,NULL,'2019-04-15 14:54:32.000000','oQvEB5bs8VNVncPSZdyRaQGSp_bg','oQvEB5bs8VNVncPSZdyRaQGSp_bg',NULL,NULL),(78,NULL,'2019-04-15 14:57:30.000000','oQvEB5VqMFaioyFb4xysRKP4WYJ8','oQvEB5VqMFaioyFb4xysRKP4WYJ8',NULL,NULL),(79,NULL,'2019-04-15 14:57:35.000000','oQvEB5U5MfG51C1HOiAudC81254E','oQvEB5U5MfG51C1HOiAudC81254E',NULL,NULL),(80,NULL,'2019-04-15 15:01:49.000000','oQvEB5Z7T46BK7jqnZfR1k9729go','oQvEB5Z7T46BK7jqnZfR1k9729go',NULL,NULL),(82,NULL,'2019-04-15 15:03:13.000000','oQvEB5X4qosIVd5fdPFaK8q0EjEM','oQvEB5X4qosIVd5fdPFaK8q0EjEM',NULL,NULL),(84,NULL,'2019-04-15 15:08:11.000000','oQvEB5XyDd-FlFpHjD34AfUHtSik','oQvEB5XyDd-FlFpHjD34AfUHtSik',NULL,NULL),(85,NULL,'2019-04-15 15:09:52.000000','oQvEB5b9ELh7nU3yCHMtX4NoRolk','oQvEB5b9ELh7nU3yCHMtX4NoRolk',NULL,NULL),(86,NULL,'2019-04-15 15:11:10.000000','oQvEB5ZCAs0swJizSASt9wY-2Mz0','oQvEB5ZCAs0swJizSASt9wY-2Mz0',NULL,NULL),(87,NULL,'2019-04-15 15:12:03.000000','oQvEB5cEHhYHufbEz_ht-1lpAa0g','oQvEB5cEHhYHufbEz_ht-1lpAa0g',NULL,NULL),(88,NULL,'2019-04-15 15:14:06.000000','oQvEB5fJxPtS49l6le7XDLVYD3OY','oQvEB5fJxPtS49l6le7XDLVYD3OY',NULL,NULL),(89,NULL,'2019-04-15 15:21:07.000000','oQvEB5YQ5LYZ5phcl3LNYH23JwoM','oQvEB5YQ5LYZ5phcl3LNYH23JwoM',NULL,NULL),(90,NULL,'2019-04-15 15:23:40.000000','oQvEB5dfP70b0WxwX6K-bCEXmp1w','oQvEB5dfP70b0WxwX6K-bCEXmp1w',NULL,NULL),(91,NULL,'2019-04-15 15:24:48.000000','oQvEB5SiksPjruU_UtebhS3n4XHY','oQvEB5SiksPjruU_UtebhS3n4XHY',NULL,NULL),(92,NULL,'2019-04-15 15:26:23.000000','oQvEB5UnIwa7eT6X-0srhv_Kr8r4','oQvEB5UnIwa7eT6X-0srhv_Kr8r4',NULL,NULL),(94,NULL,'2019-04-15 15:30:47.000000','oQvEB5funaAa7JnXv4YC6qaYa2xM','oQvEB5funaAa7JnXv4YC6qaYa2xM',NULL,NULL),(97,NULL,'2019-04-15 15:33:56.000000','oQvEB5bMxkvS51LFzHq0sEbHTtwU','oQvEB5bMxkvS51LFzHq0sEbHTtwU',NULL,NULL),(98,NULL,'2019-04-15 15:37:38.000000','oQvEB5S3puiX03d3ROb7BRfWN2PM','oQvEB5S3puiX03d3ROb7BRfWN2PM',NULL,NULL),(99,NULL,'2019-04-15 15:38:27.000000','oQvEB5d9-ra7NBno8YYxydFDOnow','oQvEB5d9-ra7NBno8YYxydFDOnow',NULL,NULL),(101,NULL,'2019-04-15 15:47:51.000000','oQvEB5WDfy6p4fu5Gagj0UFHaSL4','oQvEB5WDfy6p4fu5Gagj0UFHaSL4',NULL,NULL),(102,NULL,'2019-04-15 15:53:29.000000','oQvEB5X1RbU-mp7pXLp6trJP9tvU','oQvEB5X1RbU-mp7pXLp6trJP9tvU',NULL,NULL),(103,NULL,'2019-04-15 15:54:49.000000','oQvEB5WKPRVJEvAeV0W8Ck8j_yKw','oQvEB5WKPRVJEvAeV0W8Ck8j_yKw',NULL,NULL),(106,NULL,'2019-04-15 16:00:55.000000','oQvEB5R9_hEX-rGXCGoh2lFNHcss','oQvEB5R9_hEX-rGXCGoh2lFNHcss',NULL,NULL),(107,NULL,'2019-04-15 16:03:59.000000','oQvEB5SAjjFZ1eHKwFc2gZOXaPm4','oQvEB5SAjjFZ1eHKwFc2gZOXaPm4',NULL,NULL),(108,NULL,'2019-04-15 16:13:43.000000','oQvEB5fnmnrMUVXWb5uKX2Lb8soc','oQvEB5fnmnrMUVXWb5uKX2Lb8soc',NULL,NULL),(109,NULL,'2019-04-15 16:14:24.000000','oQvEB5dltP9cfbJ560SNkoIYfkmg','oQvEB5dltP9cfbJ560SNkoIYfkmg',NULL,NULL),(110,NULL,'2019-04-15 16:14:52.000000','oQvEB5Y4bJbwNimmPKgJ2NShnXQQ','oQvEB5Y4bJbwNimmPKgJ2NShnXQQ',NULL,NULL),(111,NULL,'2019-04-15 16:15:13.000000','oQvEB5SLn_NQZhJIS-sE852W3GJo','oQvEB5SLn_NQZhJIS-sE852W3GJo',NULL,NULL),(114,NULL,'2019-04-15 16:23:36.000000','oQvEB5WSmC7h6O9hvrAkyQ2es-60','oQvEB5WSmC7h6O9hvrAkyQ2es-60',NULL,NULL),(115,NULL,'2019-04-15 16:49:47.000000','oQvEB5Te4biZeY0pVLgQsu4zUU_k','oQvEB5Te4biZeY0pVLgQsu4zUU_k',NULL,NULL),(118,NULL,'2019-04-15 16:51:26.000000','oQvEB5RslBFI6WLcRIJkPJNJfcBM','oQvEB5RslBFI6WLcRIJkPJNJfcBM',NULL,NULL),(119,NULL,'2019-04-15 16:55:04.000000','oQvEB5RRX8F5sZh8RlMu7eN1ioRg','oQvEB5RRX8F5sZh8RlMu7eN1ioRg',NULL,NULL),(120,NULL,'2019-04-15 16:55:17.000000','oQvEB5dyUG5ai_hQmViU2pkT1D3I','oQvEB5dyUG5ai_hQmViU2pkT1D3I',NULL,NULL),(121,NULL,'2019-04-15 16:58:47.000000','oQvEB5eehZ8ZWJVs8Pf3Dz3SKIsQ','oQvEB5eehZ8ZWJVs8Pf3Dz3SKIsQ',NULL,NULL),(122,NULL,'2019-04-15 16:59:51.000000','oQvEB5RlK59ilpdH_R2sAQKbLBak','oQvEB5RlK59ilpdH_R2sAQKbLBak',NULL,NULL),(123,NULL,'2019-04-15 17:00:30.000000','oQvEB5XnIrZsO60U4mchAxRL2f0g','oQvEB5XnIrZsO60U4mchAxRL2f0g',NULL,NULL),(124,NULL,'2019-04-15 17:06:40.000000','oQvEB5faoOPhGzdyRGYgwqv7au2Q','oQvEB5faoOPhGzdyRGYgwqv7au2Q',NULL,NULL),(125,NULL,'2019-04-15 17:10:59.000000','oQvEB5ZYexaKCZTqAj_kKewuYufM','oQvEB5ZYexaKCZTqAj_kKewuYufM',NULL,NULL),(127,NULL,'2019-04-15 17:19:32.000000','oQvEB5aNxgEbRU7CXGJ4FHmLJwzg','oQvEB5aNxgEbRU7CXGJ4FHmLJwzg',NULL,NULL),(129,NULL,'2019-04-15 17:20:46.000000','oQvEB5cEMGhji_F2w3X_Zn-1I5-s','oQvEB5cEMGhji_F2w3X_Zn-1I5-s',NULL,NULL),(131,NULL,'2019-04-15 17:24:00.000000','oQvEB5RPZ3mQk7-0kTjedyDVMb0E','oQvEB5RPZ3mQk7-0kTjedyDVMb0E',NULL,NULL),(135,NULL,'2019-04-15 17:28:56.000000','oQvEB5Vh0WP4FP06dY2nXO0-gsfI','oQvEB5Vh0WP4FP06dY2nXO0-gsfI',NULL,NULL),(137,NULL,'2019-04-15 17:31:20.000000','oQvEB5UQ69wc7QumC44pEH0xvFtI','oQvEB5UQ69wc7QumC44pEH0xvFtI',NULL,NULL),(138,NULL,'2019-04-15 17:37:19.000000','oQvEB5fblipgGaIRL-K6M2GSLwjE','oQvEB5fblipgGaIRL-K6M2GSLwjE',NULL,NULL),(140,NULL,'2019-04-15 17:40:11.000000','oQvEB5WTpKXLtsrE241fGqyIUVVg','oQvEB5WTpKXLtsrE241fGqyIUVVg',NULL,NULL),(141,NULL,'2019-04-15 17:40:26.000000','oQvEB5X-j5T-nF-pGEh9z3UWxFjI','oQvEB5X-j5T-nF-pGEh9z3UWxFjI',NULL,NULL),(144,NULL,'2019-04-15 17:52:50.000000','oQvEB5XE4yWINUDRgZ9T53z7DLQY','oQvEB5XE4yWINUDRgZ9T53z7DLQY',NULL,NULL),(146,NULL,'2019-04-15 17:53:53.000000','oQvEB5dntYz3w4hz0VcgJ-ZEhjwc','oQvEB5dntYz3w4hz0VcgJ-ZEhjwc',NULL,NULL),(147,NULL,'2019-04-15 17:54:56.000000','oQvEB5aj34cqJygOT8kZjD74aMjU','oQvEB5aj34cqJygOT8kZjD74aMjU',NULL,NULL),(148,NULL,'2019-04-15 17:58:50.000000','oQvEB5as8-V6G5DFMFdunnbmlOh8','oQvEB5as8-V6G5DFMFdunnbmlOh8',NULL,NULL),(150,NULL,'2019-04-15 18:00:10.000000','oQvEB5Zn3jN1eV2VS3zlKmAn_hsI','oQvEB5Zn3jN1eV2VS3zlKmAn_hsI',NULL,NULL),(152,NULL,'2019-04-15 18:05:41.000000','oQvEB5ePEOYRLJ9tDiLKdPf0U6Xg','oQvEB5ePEOYRLJ9tDiLKdPf0U6Xg',NULL,NULL),(154,NULL,'2019-04-15 18:10:25.000000','oQvEB5UCSDwmphVlYGbJvdpxofsk','oQvEB5UCSDwmphVlYGbJvdpxofsk',NULL,NULL),(156,NULL,'2019-04-15 18:12:13.000000','oQvEB5ZxXBK-wAChv2ov7mpIVAF4','oQvEB5ZxXBK-wAChv2ov7mpIVAF4',NULL,NULL),(158,NULL,'2019-04-15 18:15:47.000000','oQvEB5TOIuPNetHN1i-DZdX3gKQY','oQvEB5TOIuPNetHN1i-DZdX3gKQY',NULL,NULL),(159,NULL,'2019-04-15 18:16:57.000000','oQvEB5d-jkJbRUwW4SWqSlq5w030','oQvEB5d-jkJbRUwW4SWqSlq5w030',NULL,NULL),(161,NULL,'2019-04-15 18:18:18.000000','oQvEB5bIpSUWzsMOXgpnw0QrjtvI','oQvEB5bIpSUWzsMOXgpnw0QrjtvI',NULL,NULL),(162,NULL,'2019-04-15 18:18:26.000000','oQvEB5RAqGyfCy7zW8nFO6hbivQo','oQvEB5RAqGyfCy7zW8nFO6hbivQo',NULL,NULL),(163,NULL,'2019-04-15 18:29:00.000000','oQvEB5cUHg_7BZOQphGLJDYLPv4g','oQvEB5cUHg_7BZOQphGLJDYLPv4g',NULL,NULL),(164,NULL,'2019-04-15 18:35:47.000000','oQvEB5bfUimPi0qVGKZlSqNu-sGs','oQvEB5bfUimPi0qVGKZlSqNu-sGs',NULL,NULL),(165,NULL,'2019-04-15 18:47:35.000000','oQvEB5V9MTu34xeR0ussVfjgn70I','oQvEB5V9MTu34xeR0ussVfjgn70I',NULL,NULL),(167,NULL,'2019-04-15 19:02:10.000000','oQvEB5RjzlztrULe0c51bgCHtz38','oQvEB5RjzlztrULe0c51bgCHtz38',NULL,NULL),(169,NULL,'2019-04-15 19:10:59.000000','oQvEB5cq8yyNx2IABzmgjUddhvqI','oQvEB5cq8yyNx2IABzmgjUddhvqI',NULL,NULL),(171,NULL,'2019-04-15 19:15:49.000000','oQvEB5aOocQ30bAvBkV_OrPlmpy8','oQvEB5aOocQ30bAvBkV_OrPlmpy8',NULL,NULL),(174,NULL,'2019-04-15 19:21:37.000000','oQvEB5UoGIFCVaN0S9XsecKYnfR0','oQvEB5UoGIFCVaN0S9XsecKYnfR0',NULL,NULL),(176,NULL,'2019-04-15 19:27:40.000000','oQvEB5RsfVVtCIUahMK1qTPomFes','oQvEB5RsfVVtCIUahMK1qTPomFes',NULL,NULL),(177,NULL,'2019-04-15 19:30:00.000000','oQvEB5Sj41T0VV-XquiSsYHCQ2XY','oQvEB5Sj41T0VV-XquiSsYHCQ2XY',NULL,NULL),(179,NULL,'2019-04-15 19:30:55.000000','oQvEB5byggpb0vEq8M1TIDz0Ln0w','oQvEB5byggpb0vEq8M1TIDz0Ln0w',NULL,NULL),(180,NULL,'2019-04-15 19:37:48.000000','oQvEB5T0Xk4ITnROH6ic2K8zMAFU','oQvEB5T0Xk4ITnROH6ic2K8zMAFU',NULL,NULL),(181,NULL,'2019-04-15 19:38:51.000000','oQvEB5aa0Nv0Xu4MHaHBduEhFpoo','oQvEB5aa0Nv0Xu4MHaHBduEhFpoo',NULL,NULL),(182,NULL,'2019-04-15 19:38:57.000000','oQvEB5TepzixJlLuU6jVpnA5xDnE','oQvEB5TepzixJlLuU6jVpnA5xDnE',NULL,NULL),(183,NULL,'2019-04-15 19:42:43.000000','oQvEB5XE-GzLJwq0gcohbDDEUc0I','oQvEB5XE-GzLJwq0gcohbDDEUc0I',NULL,NULL),(187,NULL,'2019-04-15 19:50:56.000000','oQvEB5XRJifl9vzMfZkmMS9Y0dSU','oQvEB5XRJifl9vzMfZkmMS9Y0dSU',NULL,NULL),(188,NULL,'2019-04-15 19:51:15.000000','oQvEB5Srbut-jn7tUHWN2Ms9B6eU','oQvEB5Srbut-jn7tUHWN2Ms9B6eU',NULL,NULL),(189,NULL,'2019-04-15 19:51:16.000000','oQvEB5WtTqfIY9AamyL3q2Fcjlc8','oQvEB5WtTqfIY9AamyL3q2Fcjlc8',NULL,NULL),(190,NULL,'2019-04-15 19:52:00.000000','oQvEB5RtSdzj-jr3yLJdRkjoTNIA','oQvEB5RtSdzj-jr3yLJdRkjoTNIA',NULL,NULL),(194,NULL,'2019-04-15 19:56:55.000000','oQvEB5QHiB1VxGlqPslp48DuRFfM','oQvEB5QHiB1VxGlqPslp48DuRFfM',NULL,NULL),(195,NULL,'2019-04-15 20:01:54.000000','oQvEB5b6sM4o45IZYGbIKj-kzFPU','oQvEB5b6sM4o45IZYGbIKj-kzFPU',NULL,NULL),(198,NULL,'2019-04-15 20:16:09.000000','oQvEB5WdQYcR3k3_4B1Suxqqby_8','oQvEB5WdQYcR3k3_4B1Suxqqby_8',NULL,NULL),(200,NULL,'2019-04-15 20:17:29.000000','oQvEB5UvAO-d7aaS59NcCBcREF-0','oQvEB5UvAO-d7aaS59NcCBcREF-0',NULL,NULL),(202,NULL,'2019-04-15 20:21:40.000000','oQvEB5cWPzzxem-j7Fws4RQxJbm0','oQvEB5cWPzzxem-j7Fws4RQxJbm0',NULL,NULL),(203,NULL,'2019-04-15 20:25:44.000000','oQvEB5UripIBSgm-RQsE3Rt-zqtQ','oQvEB5UripIBSgm-RQsE3Rt-zqtQ',NULL,NULL),(206,NULL,'2019-04-15 20:28:06.000000','oQvEB5e8a0OP6aoWDnCp-40rGNqw','oQvEB5e8a0OP6aoWDnCp-40rGNqw',NULL,NULL),(207,NULL,'2019-04-15 20:28:07.000000','oQvEB5YVJ8QzOCs97dJI-trqpnIw','oQvEB5YVJ8QzOCs97dJI-trqpnIw',NULL,NULL),(208,NULL,'2019-04-15 20:28:08.000000','oQvEB5cMr-8liWfqXL28IFggfbgs','oQvEB5cMr-8liWfqXL28IFggfbgs',NULL,NULL),(209,NULL,'2019-04-15 20:28:46.000000','oQvEB5TWb_9UX4lfeHOk7yYLmsBM','oQvEB5TWb_9UX4lfeHOk7yYLmsBM',NULL,NULL),(213,NULL,'2019-04-15 20:30:00.000000','oQvEB5fHzZlqLHnnXjBeRAiEURzw','oQvEB5fHzZlqLHnnXjBeRAiEURzw',NULL,NULL),(214,NULL,'2019-04-15 20:30:10.000000','oQvEB5YRQiAX73eRvUrgkHb5zS7Y','oQvEB5YRQiAX73eRvUrgkHb5zS7Y',NULL,NULL),(215,NULL,'2019-04-15 20:31:03.000000','oQvEB5dHpVYKv5hVV02OKsYGHl0c','oQvEB5dHpVYKv5hVV02OKsYGHl0c',NULL,NULL),(218,NULL,'2019-04-15 20:39:54.000000','oQvEB5Z2k3GL_hiuliJOnT3S0q_s','oQvEB5Z2k3GL_hiuliJOnT3S0q_s',NULL,NULL),(220,NULL,'2019-04-15 20:43:13.000000','oQvEB5YuTo4MTIQMC5Bu6bucw0Iw','oQvEB5YuTo4MTIQMC5Bu6bucw0Iw',NULL,NULL),(221,NULL,'2019-04-15 20:48:54.000000','oQvEB5VZkXRv1NgXIWV50H1IIZnI','oQvEB5VZkXRv1NgXIWV50H1IIZnI',NULL,NULL),(223,NULL,'2019-04-15 20:49:35.000000','oQvEB5cSHzw_LR_y-WvT98salYTM','oQvEB5cSHzw_LR_y-WvT98salYTM',NULL,NULL),(225,NULL,'2019-04-15 20:51:11.000000','oQvEB5UyMfFTVBcjiy4FVjbyYgJQ','oQvEB5UyMfFTVBcjiy4FVjbyYgJQ',NULL,NULL),(226,NULL,'2019-04-15 20:52:46.000000','oQvEB5XIDyLvwPEYq0unngiBYRrY','oQvEB5XIDyLvwPEYq0unngiBYRrY',NULL,NULL),(228,NULL,'2019-04-15 20:54:52.000000','oQvEB5doc17cVnFTbSN9Jc8owXY0','oQvEB5doc17cVnFTbSN9Jc8owXY0',NULL,NULL),(230,NULL,'2019-04-15 20:58:33.000000','oQvEB5Q6aMx5zSfOIv3Ko-W8FKVk','oQvEB5Q6aMx5zSfOIv3Ko-W8FKVk',NULL,NULL),(232,NULL,'2019-04-15 21:03:50.000000','oQvEB5QPhHgW9Kd6gkNTK71t5khw','oQvEB5QPhHgW9Kd6gkNTK71t5khw',NULL,NULL),(233,NULL,'2019-04-15 21:05:51.000000','oQvEB5bBkvKgiu_RB3DYMldv2aGQ','oQvEB5bBkvKgiu_RB3DYMldv2aGQ',NULL,NULL),(236,NULL,'2019-04-15 21:13:52.000000','oQvEB5fien0hYthhQC0FGNYe4BSE','oQvEB5fien0hYthhQC0FGNYe4BSE',NULL,NULL),(237,NULL,'2019-04-15 21:14:21.000000','oQvEB5WpIpbaos-HgdhEEZuZXJOI','oQvEB5WpIpbaos-HgdhEEZuZXJOI',NULL,NULL),(238,NULL,'2019-04-15 21:16:43.000000','oQvEB5TOFPyBBohttZpzHGUzr85I','oQvEB5TOFPyBBohttZpzHGUzr85I',NULL,NULL),(239,NULL,'2019-04-15 21:20:14.000000','oQvEB5ejUBWq6b6i10fd6iSyRRJY','oQvEB5ejUBWq6b6i10fd6iSyRRJY',NULL,NULL),(240,NULL,'2019-04-15 21:30:24.000000','oQvEB5R63omgezvG7hisiKYj-MOM','oQvEB5R63omgezvG7hisiKYj-MOM',NULL,NULL),(241,NULL,'2019-04-15 21:37:25.000000','oQvEB5YhEAU_mLWH0tewhO5GZCig','oQvEB5YhEAU_mLWH0tewhO5GZCig',NULL,NULL),(243,NULL,'2019-04-15 21:40:01.000000','oQvEB5RgnSnKyy0Ppkg3Qq0F7tDo','oQvEB5RgnSnKyy0Ppkg3Qq0F7tDo',NULL,NULL),(244,NULL,'2019-04-15 21:46:34.000000','oQvEB5dWNuDan9A0ir3sWS6jbSS0','oQvEB5dWNuDan9A0ir3sWS6jbSS0',NULL,NULL),(245,NULL,'2019-04-15 21:47:37.000000','oQvEB5eTxXMoWdPaxhnoKSBQjQcc','oQvEB5eTxXMoWdPaxhnoKSBQjQcc',NULL,NULL),(246,NULL,'2019-04-15 21:48:20.000000','oQvEB5SSLNDDCjzKbq0vNqKRex9A','oQvEB5SSLNDDCjzKbq0vNqKRex9A',NULL,NULL),(249,NULL,'2019-04-15 22:12:23.000000','oQvEB5eF26vU4gtAOtV6gXGm38wE','oQvEB5eF26vU4gtAOtV6gXGm38wE',NULL,NULL),(251,NULL,'2019-04-15 22:32:23.000000','oQvEB5Y_-_ce2UpyCzELC-KTcnKo','oQvEB5Y_-_ce2UpyCzELC-KTcnKo',NULL,NULL),(252,NULL,'2019-04-15 22:33:55.000000','oQvEB5XIB4iNgWFYBkhZe1ruM-0s','oQvEB5XIB4iNgWFYBkhZe1ruM-0s',NULL,NULL),(254,NULL,'2019-04-15 22:38:16.000000','oQvEB5fAI1mUxaf2IMjjdi0b8KO0','oQvEB5fAI1mUxaf2IMjjdi0b8KO0',NULL,NULL),(255,NULL,'2019-04-15 22:39:32.000000','oQvEB5X3jYLNyXABTvpjfzrojaUI','oQvEB5X3jYLNyXABTvpjfzrojaUI',NULL,NULL),(257,NULL,'2019-04-15 22:48:44.000000','oQvEB5VrK4gERPoOKF9AqzKvhixk','oQvEB5VrK4gERPoOKF9AqzKvhixk',NULL,NULL),(259,NULL,'2019-04-15 23:04:11.000000','oQvEB5cfe6twmUpCt3_ayxw94R3o','oQvEB5cfe6twmUpCt3_ayxw94R3o',NULL,NULL),(261,NULL,'2019-04-15 23:21:14.000000','oQvEB5VA9WmecrbJFICMbJsI0UYs','oQvEB5VA9WmecrbJFICMbJsI0UYs',NULL,NULL),(263,NULL,'2019-04-15 23:23:32.000000','oQvEB5XadhRQlsntiquFjAEOBSAg','oQvEB5XadhRQlsntiquFjAEOBSAg',NULL,NULL),(264,NULL,'2019-04-15 23:25:12.000000','oQvEB5bS1UbejI4TIJs1YAru9S90','oQvEB5bS1UbejI4TIJs1YAru9S90',NULL,NULL),(267,NULL,'2019-04-15 23:26:00.000000','oQvEB5RS-dj33sCPdn4qcpVvE-_o','oQvEB5RS-dj33sCPdn4qcpVvE-_o',NULL,NULL),(269,NULL,'2019-04-15 23:57:01.000000','oQvEB5cTKCxuBkH8s8lhUolnZH_4','oQvEB5cTKCxuBkH8s8lhUolnZH_4',NULL,NULL),(272,NULL,'2019-04-16 00:37:09.000000','oQvEB5ZSeLP7ktd2s5SjiQwRVlMI','oQvEB5ZSeLP7ktd2s5SjiQwRVlMI',NULL,NULL),(277,NULL,'2019-04-17 10:55:36.000000','oQvEB5Z_vKYQJH8jDlatIwHkGaPM','oQvEB5Z_vKYQJH8jDlatIwHkGaPM',NULL,NULL),(278,NULL,'2019-04-17 10:55:53.000000','oQvEB5dWneqn0VtpdJf5mr3SUjfU','oQvEB5dWneqn0VtpdJf5mr3SUjfU',NULL,NULL),(280,NULL,'2019-04-17 10:59:27.000000','oQvEB5WKCamXWYt54CJcWgH9obxQ','oQvEB5WKCamXWYt54CJcWgH9obxQ',NULL,NULL),(285,NULL,'2019-04-17 11:31:19.000000','oQvEB5UEZFSJ3ETAXS6UFGMAyZio','oQvEB5UEZFSJ3ETAXS6UFGMAyZio',NULL,NULL),(286,NULL,'2019-04-17 11:31:38.000000','oQvEB5dE2EroBxqQ756qZKxt4BpE','oQvEB5dE2EroBxqQ756qZKxt4BpE',NULL,NULL),(287,NULL,'2019-04-17 11:40:34.000000','oQvEB5f1n99gLg_e95L2NOrcjYf8','oQvEB5f1n99gLg_e95L2NOrcjYf8',NULL,NULL),(288,NULL,'2019-04-17 11:40:46.000000','oQvEB5Xwq6tV2OIQBiELBnm52Hec','oQvEB5Xwq6tV2OIQBiELBnm52Hec',NULL,NULL),(289,NULL,'2019-04-17 11:40:50.000000','oQvEB5b7e3ssmHUriymrekCjfxKw','oQvEB5b7e3ssmHUriymrekCjfxKw',NULL,NULL),(290,NULL,'2019-04-17 11:51:14.000000','oQvEB5TYcVyB4Z5mzAXIkUPWkqXY','oQvEB5TYcVyB4Z5mzAXIkUPWkqXY',NULL,NULL),(291,NULL,'2019-04-17 12:07:53.000000','oQvEB5Y8Zin0qVnEAqDmc_N1b7hk','oQvEB5Y8Zin0qVnEAqDmc_N1b7hk',NULL,NULL),(294,NULL,'2019-04-17 12:35:55.000000','oQvEB5YgcPlvsmVo7uj0M24O2jnU','oQvEB5YgcPlvsmVo7uj0M24O2jnU',NULL,NULL),(296,NULL,'2019-04-17 12:46:48.000000','oQvEB5SgWPAfvONOWndJT4hUMpas','oQvEB5SgWPAfvONOWndJT4hUMpas',NULL,NULL),(298,NULL,'2019-04-17 12:59:41.000000','oQvEB5X_33JROuqh8Rv6-536RRPU','oQvEB5X_33JROuqh8Rv6-536RRPU',NULL,NULL),(299,NULL,'2019-04-17 12:59:51.000000','oQvEB5VIUydeZzbOu01nm4wqL-4A','oQvEB5VIUydeZzbOu01nm4wqL-4A',NULL,NULL),(300,NULL,'2019-04-17 13:05:32.000000','oQvEB5XSym1HXhgRuRKdlapE4XA8','oQvEB5XSym1HXhgRuRKdlapE4XA8',NULL,NULL),(302,NULL,'2019-04-17 13:36:34.000000','oQvEB5Sb81NyFe5eo0aiX-n4LpV8','oQvEB5Sb81NyFe5eo0aiX-n4LpV8',NULL,NULL),(303,NULL,'2019-04-17 13:36:57.000000','oQvEB5WpU4IAHI8hjxgqbS-sa_mU','oQvEB5WpU4IAHI8hjxgqbS-sa_mU',NULL,NULL),(305,NULL,'2019-04-17 13:45:51.000000','oQvEB5YA_dz9QAoTv9U_x5eRgrto','oQvEB5YA_dz9QAoTv9U_x5eRgrto',NULL,NULL),(306,NULL,'2019-04-17 14:00:51.000000','oQvEB5bO06P36TWHirg7a2NqAmVY','oQvEB5bO06P36TWHirg7a2NqAmVY',NULL,NULL),(307,NULL,'2019-04-17 14:09:53.000000','oQvEB5Qb1ZWg8B_SpA-5eMa7efvc','oQvEB5Qb1ZWg8B_SpA-5eMa7efvc',NULL,NULL),(309,NULL,'2019-04-17 14:22:54.000000','oQvEB5TvAHJcuNag5x68NzhPI_yo','oQvEB5TvAHJcuNag5x68NzhPI_yo',NULL,NULL),(310,NULL,'2019-04-17 14:34:11.000000','oQvEB5SO6c-RsoY5zYAMMOHg2haU','oQvEB5SO6c-RsoY5zYAMMOHg2haU',NULL,NULL),(312,NULL,'2019-04-17 14:37:14.000000','oQvEB5a7mS8CYJjiIm-2IQqMYVx4','oQvEB5a7mS8CYJjiIm-2IQqMYVx4',NULL,NULL),(313,NULL,'2019-04-17 14:39:22.000000','oQvEB5fOq341Q3Q3t49nWcluYXf4','oQvEB5fOq341Q3Q3t49nWcluYXf4',NULL,NULL),(314,NULL,'2019-04-17 14:54:53.000000','oQvEB5Tj42NAgM5tGPhSiDg01QBw','oQvEB5Tj42NAgM5tGPhSiDg01QBw',NULL,NULL),(316,NULL,'2019-04-17 14:59:09.000000','oQvEB5Ue0mgV9YpNepCMRfuS--Ig','oQvEB5Ue0mgV9YpNepCMRfuS--Ig',NULL,NULL),(317,NULL,'2019-04-17 14:59:31.000000','oQvEB5dcRBzJ2anxsMXmtQt7ukMI','oQvEB5dcRBzJ2anxsMXmtQt7ukMI',NULL,NULL),(319,NULL,'2019-04-17 15:17:22.000000','oQvEB5TQhW8KwpegBkEsrIWBn-Jw','oQvEB5TQhW8KwpegBkEsrIWBn-Jw',NULL,NULL),(320,NULL,'2019-04-17 15:23:11.000000','oQvEB5Qs4bmQ-rkSzHcOHHFwjVKk','oQvEB5Qs4bmQ-rkSzHcOHHFwjVKk',NULL,NULL),(322,NULL,'2019-04-17 15:28:34.000000','oQvEB5Tomy2hDrWN0UlhJ_e5TQ0w','oQvEB5Tomy2hDrWN0UlhJ_e5TQ0w',NULL,NULL),(323,NULL,'2019-04-17 15:45:32.000000','oQvEB5fRZ8RSgK9esqpSs29zXKVc','oQvEB5fRZ8RSgK9esqpSs29zXKVc',NULL,NULL),(324,NULL,'2019-04-17 15:53:02.000000','oQvEB5e54v0oLteuMxjQCVNHVbZ8','oQvEB5e54v0oLteuMxjQCVNHVbZ8',NULL,NULL),(327,NULL,'2019-04-17 16:00:45.000000','oQvEB5Uz9g1jGcWeIr_a5I1iB4Q8','oQvEB5Uz9g1jGcWeIr_a5I1iB4Q8',NULL,NULL),(329,NULL,'2019-04-17 16:07:40.000000','oQvEB5dGWshn9qgKzNU0FsfXlwi0','oQvEB5dGWshn9qgKzNU0FsfXlwi0',NULL,NULL),(331,NULL,'2019-04-17 17:11:19.000000','oQvEB5WknM_zlsFZBKdHe9r1kLxo','oQvEB5WknM_zlsFZBKdHe9r1kLxo',NULL,NULL),(333,NULL,'2019-04-17 18:39:39.000000','oQvEB5f9anrxsGQUjPFGk_kC9taA','oQvEB5f9anrxsGQUjPFGk_kC9taA',NULL,NULL),(334,NULL,'2019-04-17 18:51:13.000000','oQvEB5a60fW18idsAs5uOVsrD3Mg','oQvEB5a60fW18idsAs5uOVsrD3Mg',NULL,NULL),(336,NULL,'2019-04-17 19:15:31.000000','oQvEB5RvHiU8lmDFkZlrcLeLRnsY','oQvEB5RvHiU8lmDFkZlrcLeLRnsY',NULL,NULL),(338,NULL,'2019-04-17 19:45:39.000000','oQvEB5ao07ydG0WPRTGKqbl833TM','oQvEB5ao07ydG0WPRTGKqbl833TM',NULL,NULL),(340,NULL,'2019-04-17 20:01:51.000000','oQvEB5YQ6ylPvo9IAX4mdYa4jsBk','oQvEB5YQ6ylPvo9IAX4mdYa4jsBk',NULL,NULL),(342,NULL,'2019-04-17 20:13:43.000000','oQvEB5WdBqMLjKS-p8SNJ9MCCE1Y','oQvEB5WdBqMLjKS-p8SNJ9MCCE1Y',NULL,NULL),(343,NULL,'2019-04-17 20:19:51.000000','oQvEB5aQk_6y_u1UxYcpVdaKDlG4','oQvEB5aQk_6y_u1UxYcpVdaKDlG4',NULL,NULL),(345,NULL,'2019-04-17 21:06:10.000000','oQvEB5SVf-pBQ50UyA0YU10ocEmk','oQvEB5SVf-pBQ50UyA0YU10ocEmk',NULL,NULL),(347,NULL,'2019-04-17 21:15:51.000000','oQvEB5dX4Tx6w6YxdGcuW5uU6iWI','oQvEB5dX4Tx6w6YxdGcuW5uU6iWI',NULL,NULL),(349,NULL,'2019-04-17 21:23:07.000000','oQvEB5TDtbYN24Na6wX0NIhYAjOs','oQvEB5TDtbYN24Na6wX0NIhYAjOs',NULL,NULL),(351,NULL,'2019-04-17 21:46:24.000000','oQvEB5Vz_aam3GLFt00Yv_GNqboo','oQvEB5Vz_aam3GLFt00Yv_GNqboo',NULL,NULL),(353,NULL,'2019-04-17 21:52:38.000000','oQvEB5f3LZHfiKnea2SYsPRrIm9s','oQvEB5f3LZHfiKnea2SYsPRrIm9s',NULL,NULL),(355,NULL,'2019-04-17 22:05:14.000000','oQvEB5dZ2-B-9d_Uo-dhO_430Kr0','oQvEB5dZ2-B-9d_Uo-dhO_430Kr0',NULL,NULL),(356,NULL,'2019-04-17 22:54:13.000000','oQvEB5WSKfQL9X3pHQm9m7MKB3Yc','oQvEB5WSKfQL9X3pHQm9m7MKB3Yc',NULL,NULL),(357,NULL,'2019-04-17 23:18:41.000000','oQvEB5c4bJiMfmd_Yt9kBlz5Ht1k','oQvEB5c4bJiMfmd_Yt9kBlz5Ht1k',NULL,NULL),(359,NULL,'2019-04-17 23:36:07.000000','oQvEB5TyE60cWT5Kd_beFNuRTUcI','oQvEB5TyE60cWT5Kd_beFNuRTUcI',NULL,NULL),(360,NULL,'2019-04-18 00:36:42.000000','oQvEB5U32qsiLqo9-t2rMLAnVrtg','oQvEB5U32qsiLqo9-t2rMLAnVrtg',NULL,NULL),(362,NULL,'2019-04-18 01:24:00.000000','oQvEB5X6_24jgu1SKNvbKbL9GAaY','oQvEB5X6_24jgu1SKNvbKbL9GAaY',NULL,NULL),(364,NULL,'2019-04-18 01:25:00.000000','oQvEB5dEaXopFYQl2EmETTUMI6fI','oQvEB5dEaXopFYQl2EmETTUMI6fI',NULL,NULL),(365,NULL,'2019-04-18 02:33:12.000000','oQvEB5TwNlNNFxkCvQI6jAmbdTPI','oQvEB5TwNlNNFxkCvQI6jAmbdTPI',NULL,NULL),(371,NULL,'2019-04-18 05:56:11.000000','oQvEB5fZN4laFNYCc1QDtLqbNnlg','oQvEB5fZN4laFNYCc1QDtLqbNnlg',NULL,NULL),(374,NULL,'2019-04-18 06:25:48.000000','oQvEB5WNT-2SX0muxJcCKTwJmU9k','oQvEB5WNT-2SX0muxJcCKTwJmU9k',NULL,NULL),(378,NULL,'2019-04-18 06:49:13.000000','oQvEB5UrmWuuDc2dvvtcF0NfKSYQ','oQvEB5UrmWuuDc2dvvtcF0NfKSYQ',NULL,NULL),(379,NULL,'2019-04-18 07:28:19.000000','oQvEB5Y_qUhrdGo6YWmC0ztQb2HM','oQvEB5Y_qUhrdGo6YWmC0ztQb2HM',NULL,NULL),(380,NULL,'2019-04-18 08:01:47.000000','oQvEB5X_8tShFpicie-0bEplnBE0','oQvEB5X_8tShFpicie-0bEplnBE0',NULL,NULL),(381,NULL,'2019-04-18 08:02:54.000000','oQvEB5TSYREw-ztO8Gg1vGSXdJg8','oQvEB5TSYREw-ztO8Gg1vGSXdJg8',NULL,NULL),(382,NULL,'2019-04-18 08:03:17.000000','oQvEB5WdM16XEZTXYPZJMRvJlJpM','oQvEB5WdM16XEZTXYPZJMRvJlJpM',NULL,NULL),(388,NULL,'2019-04-18 08:27:34.000000','oQvEB5bL-I2JuHvru1I2mfRkKDdc','oQvEB5bL-I2JuHvru1I2mfRkKDdc',NULL,NULL),(389,NULL,'2019-04-18 08:38:05.000000','oQvEB5RsWhMlEKTUnOYaq0034L80','oQvEB5RsWhMlEKTUnOYaq0034L80',NULL,NULL),(392,NULL,'2019-04-18 08:47:28.000000','oQvEB5TM5yW_L2qysTqYd5l9VgbU','oQvEB5TM5yW_L2qysTqYd5l9VgbU',NULL,NULL),(393,NULL,'2019-04-18 08:49:24.000000','oQvEB5cSn2bqr1dCyDY9-FJJjylI','oQvEB5cSn2bqr1dCyDY9-FJJjylI',NULL,NULL),(396,NULL,'2019-04-18 10:00:35.000000','oQvEB5ajZDAwwEZKGY07FwD1ciPk','oQvEB5ajZDAwwEZKGY07FwD1ciPk',NULL,NULL),(398,NULL,'2019-04-18 10:08:10.000000','oQvEB5U_wMzvWpnKj6MTIcSDKDg4','oQvEB5U_wMzvWpnKj6MTIcSDKDg4',NULL,NULL),(399,NULL,'2019-04-18 10:21:28.000000','oQvEB5Y6AM796G18Twcd6OQ5xYAA','oQvEB5Y6AM796G18Twcd6OQ5xYAA',NULL,NULL),(401,NULL,'2019-04-18 12:12:37.000000','oQvEB5dShvKIDUOfgUvvKke7A0II','oQvEB5dShvKIDUOfgUvvKke7A0II',NULL,NULL),(405,NULL,'2019-04-18 12:23:58.000000','oQvEB5ZvWFgYLQ7cqa_owMGuU0DY','oQvEB5ZvWFgYLQ7cqa_owMGuU0DY',NULL,NULL),(406,NULL,'2019-04-18 12:27:41.000000','oQvEB5UG5UDO6h8nunXB7i4nCgPk','oQvEB5UG5UDO6h8nunXB7i4nCgPk',NULL,NULL),(410,NULL,'2019-04-18 12:36:56.000000','oQvEB5RB4e8QuRSIATNqiprmmVXM','oQvEB5RB4e8QuRSIATNqiprmmVXM',NULL,NULL),(411,NULL,'2019-04-18 13:57:25.000000','oQvEB5YyR5YC3xEVGdH01bomRsYg','oQvEB5YyR5YC3xEVGdH01bomRsYg',NULL,NULL),(414,NULL,'2019-04-18 14:02:35.000000','oQvEB5VoJQiGr8GMuH2zH3W0z1iA','oQvEB5VoJQiGr8GMuH2zH3W0z1iA',NULL,NULL),(415,NULL,'2019-04-18 14:43:07.000000','oQvEB5b-n7kfdYoBf-6YVveKnGOg','oQvEB5b-n7kfdYoBf-6YVveKnGOg',NULL,NULL),(416,NULL,'2019-04-18 14:59:21.000000','oQvEB5QPSiH_V940-MInxuZOW-pE','oQvEB5QPSiH_V940-MInxuZOW-pE',NULL,NULL),(417,NULL,'2019-04-18 15:15:28.000000','oQvEB5caVn-IV5uT5FV-Gjs2clMs','oQvEB5caVn-IV5uT5FV-Gjs2clMs',NULL,NULL),(419,NULL,'2019-04-18 15:32:47.000000','oQvEB5b5DzX-r-jk0ylCt_5Jattw','oQvEB5b5DzX-r-jk0ylCt_5Jattw',NULL,NULL),(421,NULL,'2019-04-18 15:59:53.000000','oQvEB5fma2xjlBBbom6RROjBnsMc','oQvEB5fma2xjlBBbom6RROjBnsMc',NULL,NULL),(423,NULL,'2019-04-18 16:42:48.000000','oQvEB5Vj5Ygl4Jsqg60WPAcfID7Q','oQvEB5Vj5Ygl4Jsqg60WPAcfID7Q',NULL,NULL),(425,NULL,'2019-04-18 16:48:30.000000','oQvEB5Z32oPWnLctD2hyLgWxvm4c','oQvEB5Z32oPWnLctD2hyLgWxvm4c',NULL,NULL),(426,NULL,'2019-04-18 16:51:05.000000','oQvEB5fWS19Y-RMl5lAnTe97SU2A','oQvEB5fWS19Y-RMl5lAnTe97SU2A',NULL,NULL),(427,NULL,'2019-04-18 16:54:43.000000','oQvEB5ThLXMZnpohKI3J1LDRQpDs','oQvEB5ThLXMZnpohKI3J1LDRQpDs',NULL,NULL),(430,NULL,'2019-04-18 17:16:45.000000','oQvEB5bQI5RWmPZ9MtE2bz4BehTc','oQvEB5bQI5RWmPZ9MtE2bz4BehTc',NULL,NULL),(432,NULL,'2019-04-18 17:28:26.000000','oQvEB5eH4RP6cjvhqLa1yiqT09n8','oQvEB5eH4RP6cjvhqLa1yiqT09n8',NULL,NULL),(433,NULL,'2019-04-18 17:40:58.000000','oQvEB5ecB1kAxzerbRXu_Qq7X4Do','oQvEB5ecB1kAxzerbRXu_Qq7X4Do',NULL,NULL),(436,NULL,'2019-04-18 18:47:45.000000','oQvEB5fnCE0B3IAnPM0p2KimX3Cs','oQvEB5fnCE0B3IAnPM0p2KimX3Cs',NULL,NULL),(438,NULL,'2019-04-18 19:13:29.000000','oQvEB5d0z-o4J-KScz8c21GmjML0','oQvEB5d0z-o4J-KScz8c21GmjML0',NULL,NULL),(439,NULL,'2019-04-18 19:35:36.000000','oQvEB5Ue9O1YQlV9-7-xWuFvTOcg','oQvEB5Ue9O1YQlV9-7-xWuFvTOcg',NULL,NULL),(441,NULL,'2019-04-18 19:51:46.000000','oQvEB5cQMIgqG6T-eKVbfxyGY4YM','oQvEB5cQMIgqG6T-eKVbfxyGY4YM',NULL,NULL),(442,NULL,'2019-04-18 20:31:31.000000','oQvEB5WUYk08m2wjFPoO_tTeTDGs','oQvEB5WUYk08m2wjFPoO_tTeTDGs',NULL,NULL),(444,NULL,'2019-04-18 20:33:24.000000','oQvEB5a0ben1BArdlT-klbM3x8eo','oQvEB5a0ben1BArdlT-klbM3x8eo',NULL,NULL),(445,NULL,'2019-04-18 21:15:09.000000','oQvEB5eHwqYfs4gsm8mAsZfXkj8E','oQvEB5eHwqYfs4gsm8mAsZfXkj8E',NULL,NULL),(447,NULL,'2019-04-18 21:40:15.000000','oQvEB5QS1zuV3MiPjfuTU0Y_nMNc','oQvEB5QS1zuV3MiPjfuTU0Y_nMNc',NULL,NULL),(449,NULL,'2019-04-18 21:41:45.000000','oQvEB5dbGNL-8qOd-nZxbXfV9twc','oQvEB5dbGNL-8qOd-nZxbXfV9twc',NULL,NULL),(453,NULL,'2019-04-18 23:42:17.000000','oQvEB5Wbj439Zk4s-gB8y2-vO7ws','oQvEB5Wbj439Zk4s-gB8y2-vO7ws',NULL,NULL),(455,NULL,'2019-04-19 01:06:49.000000','oQvEB5WaPZPE5EDsWc67OdYqXdp8','oQvEB5WaPZPE5EDsWc67OdYqXdp8',NULL,NULL),(457,NULL,'2019-04-19 02:13:55.000000','oQvEB5Ul4nMGUq8WP1nVY7-8rvos','oQvEB5Ul4nMGUq8WP1nVY7-8rvos',NULL,NULL),(458,NULL,'2019-04-19 03:47:06.000000','oQvEB5Sami3Ja6DOLzvbuk2ojcTQ','oQvEB5Sami3Ja6DOLzvbuk2ojcTQ',NULL,NULL),(459,NULL,'2019-04-19 06:58:24.000000','oQvEB5Q4i0vK8hGfF_rjaJ9TuwIE','oQvEB5Q4i0vK8hGfF_rjaJ9TuwIE',NULL,NULL),(460,NULL,'2019-04-19 07:42:06.000000','oQvEB5fqj77KsnLovP4-fQtR3EAo','oQvEB5fqj77KsnLovP4-fQtR3EAo',NULL,NULL),(461,NULL,'2019-04-19 07:50:48.000000','oQvEB5cDhhb8_svQaAEFdxgZpw1g','oQvEB5cDhhb8_svQaAEFdxgZpw1g',NULL,NULL),(462,NULL,'2019-04-19 08:52:51.000000','oQvEB5T8aFV3U6HWrX0jrWrayh0Q','oQvEB5T8aFV3U6HWrX0jrWrayh0Q',NULL,NULL),(464,NULL,'2019-04-19 09:03:31.000000','oQvEB5VXR4BNHJ6QoJt3sME477Io','oQvEB5VXR4BNHJ6QoJt3sME477Io',NULL,NULL),(467,NULL,'2019-04-19 09:34:22.000000','oQvEB5UL_2UBDfvA2-lAlmmJUmKE','oQvEB5UL_2UBDfvA2-lAlmmJUmKE',NULL,NULL),(470,NULL,'2019-04-19 10:12:26.000000','oQvEB5YSWN3pxv6iVtkh1QcS9XzE','oQvEB5YSWN3pxv6iVtkh1QcS9XzE',NULL,NULL),(472,NULL,'2019-04-19 10:17:04.000000','oQvEB5QDUGgE3CjyTi9pU4azudhI','oQvEB5QDUGgE3CjyTi9pU4azudhI',NULL,NULL),(474,NULL,'2019-04-19 10:32:07.000000','oQvEB5QwPJs2LHvqLmCumSFg8yUM','oQvEB5QwPJs2LHvqLmCumSFg8yUM',NULL,NULL),(475,NULL,'2019-04-19 11:52:48.000000','oQvEB5VqlroYQu_L95F_mUXaD4io','oQvEB5VqlroYQu_L95F_mUXaD4io',NULL,NULL),(477,NULL,'2019-04-19 12:12:51.000000','oQvEB5RbP5WETCo1Hbl1WNARj60M','oQvEB5RbP5WETCo1Hbl1WNARj60M',NULL,NULL),(478,NULL,'2019-04-19 12:14:06.000000','oQvEB5b8-JJixui_ppZm5FMJhewI','oQvEB5b8-JJixui_ppZm5FMJhewI',NULL,NULL),(479,NULL,'2019-04-19 12:36:23.000000','oQvEB5T_IK-AmXkFXxdhxwlrXu9Y','oQvEB5T_IK-AmXkFXxdhxwlrXu9Y',NULL,NULL),(481,NULL,'2019-04-19 13:06:50.000000','oQvEB5ZIbVt35u54rB3r_HwbHUVA','oQvEB5ZIbVt35u54rB3r_HwbHUVA',NULL,NULL),(484,NULL,'2019-04-19 13:31:40.000000','oQvEB5VPn-QmIH9oMC7jPYTPsAzw','oQvEB5VPn-QmIH9oMC7jPYTPsAzw',NULL,NULL),(486,NULL,'2019-04-19 13:38:08.000000','oQvEB5a2tSAxWqth8Fc4EamDat-g','oQvEB5a2tSAxWqth8Fc4EamDat-g',NULL,NULL),(487,NULL,'2019-04-19 13:51:16.000000','oQvEB5UDIaCQfT0GVqJvs9C3Kvx4','oQvEB5UDIaCQfT0GVqJvs9C3Kvx4',NULL,NULL),(489,NULL,'2019-04-19 14:13:30.000000','oQvEB5fasqYCEXgOX6NobVS4dK5o','oQvEB5fasqYCEXgOX6NobVS4dK5o',NULL,NULL),(491,NULL,'2019-04-19 14:20:33.000000','oQvEB5fGQf1VfMcyPGHSEAEL7Lso','oQvEB5fGQf1VfMcyPGHSEAEL7Lso',NULL,NULL),(494,NULL,'2019-04-19 14:24:21.000000','oQvEB5WteAEOTUOyk1sr0ZlU7gvw','oQvEB5WteAEOTUOyk1sr0ZlU7gvw',NULL,NULL),(498,NULL,'2019-04-19 14:37:38.000000','oQvEB5eMcOw1N2cS1hq2i5yezXcg','oQvEB5eMcOw1N2cS1hq2i5yezXcg',NULL,NULL);
/*!40000 ALTER TABLE `user` ENABLE KEYS */;
UNLOCK TABLES;
/*!40103 SET TIME_ZONE=@OLD_TIME_ZONE */;

/*!40101 SET SQL_MODE=@OLD_SQL_MODE */;
/*!40014 SET FOREIGN_KEY_CHECKS=@OLD_FOREIGN_KEY_CHECKS */;
/*!40014 SET UNIQUE_CHECKS=@OLD_UNIQUE_CHECKS */;
/*!40101 SET CHARACTER_SET_CLIENT=@OLD_CHARACTER_SET_CLIENT */;
/*!40101 SET CHARACTER_SET_RESULTS=@OLD_CHARACTER_SET_RESULTS */;
/*!40101 SET COLLATION_CONNECTION=@OLD_COLLATION_CONNECTION */;
/*!40111 SET SQL_NOTES=@OLD_SQL_NOTES */;

-- Dump completed on 2019-04-19 15:10:23
